id;sampleT;mc;sample1_wgt;sample2_wgt;sample3_wgt;test_desc;t;pH
1;2021-01-11 08:30:00;BPE-RP-PLA;1,7486;1,7523;1,7462;t=room pH=3;r;3
1;2021-01-11 09:00:00;BPE-RP-PLA;1,7535;1,7568;1,7521;t=room pH=3;r;3
1;2021-01-11 09:30:00;BPE-RP-PLA;1,7509;1,7551;1,7481;t=room pH=3;r;3
1;2021-01-11 10:30:00;BPE-RP-PLA;1,7556;1,7538;1,7476;t=room pH=3;r;3
1;2021-01-11 11:30:00;BPE-RP-PLA;1,7513;1,754;1,7487;t=room pH=3;r;3
1;2021-01-11 12:30:00;BPE-RP-PLA;1,7516;1,7543;1,7485;t=room pH=3;r;3
1;2021-01-11 14:30:00;BPE-RP-PLA;1,751;1,7551;1,7482;t=room pH=3;r;3
1;2021-01-11 16:30:00;BPE-RP-PLA;1,7528;1,7544;1,749;t=room pH=3;r;3
1;2021-01-12 08:30:00;BPE-RP-PLA;1,7545;1,7564;1,7504;t=room pH=3;r;3
1;2021-01-12 12:30:00;BPE-RP-PLA;1,755;1,7573;1,7512;t=room pH=3;r;3
1;2021-01-12 16:30:00;BPE-RP-PLA;1,753;1,7564;1,7506;t=room pH=3;r;3
1;2021-01-13 08:30:00;BPE-RP-PLA;1,7546;1,7583;1,7529;t=room pH=3;r;3
1;2021-01-13 12:30:00;BPE-RP-PLA;1,7558;1,758;1,7516;t=room pH=3;r;3
1;2021-01-13 16:30:00;BPE-RP-PLA;1,755;1,7598;1,7522;t=room pH=3;r;3
1;2021-01-14 08:30:00;BPE-RP-PLA;1,7554;1,7592;1,7527;t=room pH=3;r;3
1;2021-01-14 16:30:00;BPE-RP-PLA;1,757;1,7607;1,7547;t=room pH=3;r;3
1;2021-01-15 08:30:00;BPE-RP-PLA;1,7573;1,756;1,7529;t=room pH=3;r;3
1;2021-01-15 16:30:00;BPE-RP-PLA;1,7568;1,7604;1,7524;t=room pH=3;r;3
1;2021-01-18 08:30:00;BPE-RP-PLA;1,759;1,7608;1,755;t=room pH=3;r;3
1;2021-01-19 08:30:00;BPE-RP-PLA;1,7586;1,7607;1,7548;t=room pH=3;r;3
1;2021-01-11 08:30:00;BPE-SP-PBS;1,5084;1,4927;1,5026;t=room pH=3;r;3
1;2021-01-11 09:00:00;BPE-SP-PBS;1,5077;1,4932;1,5034;t=room pH=3;r;3
1;2021-01-11 09:30:00;BPE-SP-PBS;1,5078;1,493;1,503;t=room pH=3;r;3
1;2021-01-11 10:30:00;BPE-SP-PBS;1,508;1,4936;1,5032;t=room pH=3;r;3
1;2021-01-11 11:30:00;BPE-SP-PBS;1,5081;1,4941;1,5042;t=room pH=3;r;3
1;2021-01-11 12:30:00;BPE-SP-PBS;1,5088;1,4941;1,5033;t=room pH=3;r;3
1;2021-01-11 14:30:00;BPE-SP-PBS;1,5088;1,4953;1,5047;t=room pH=3;r;3
1;2021-01-11 16:30:00;BPE-SP-PBS;1,5093;1,4952;1,5046;t=room pH=3;r;3
1;2021-01-12 08:30:00;BPE-SP-PBS;1,5116;1,4972;1,5061;t=room pH=3;r;3
1;2021-01-12 12:30:00;BPE-SP-PBS;1,5119;1,4952;1,5067;t=room pH=3;r;3
1;2021-01-12 16:30:00;BPE-SP-PBS;1,5122;1,4979;1,5072;t=room pH=3;r;3
1;2021-01-13 08:30:00;BPE-SP-PBS;1,5131;1,499;1,5083;t=room pH=3;r;3
1;2021-01-13 12:30:00;BPE-SP-PBS;1,5133;1,4994;1,5089;t=room pH=3;r;3
1;2021-01-13 16:30:00;BPE-SP-PBS;1,5138;1,5001;1,5091;t=room pH=3;r;3
1;2021-01-14 08:30:00;BPE-SP-PBS;1,5147;1,5004;1,5104;t=room pH=3;r;3
1;2021-01-14 16:30:00;BPE-SP-PBS;1,5152;1,5013;1,5105;t=room pH=3;r;3
1;2021-01-15 08:30:00;BPE-SP-PBS;1,5164;1,5011;1,5105;t=room pH=3;r;3
1;2021-01-15 16:30:00;BPE-SP-PBS;1,5167;1,5016;1,511;t=room pH=3;r;3
1;2021-01-18 08:30:00;BPE-SP-PBS;1,5166;1,5026;1,5117;t=room pH=3;r;3
1;2021-01-19 08:30:00;BPE-SP-PBS;1,5171;1,5031;1,5122;t=room pH=3;r;3
1;2021-01-11 08:30:00;BPE-C1-PLA;1,5973;1,592;1,5869;t=room pH=3;r;3
1;2021-01-11 09:00:00;BPE-C1-PLA;1,6036;1,5969;1,5888;t=room pH=3;r;3
1;2021-01-11 09:30:00;BPE-C1-PLA;1,6046;1,5964;1,5916;t=room pH=3;r;3
1;2021-01-11 10:30:00;BPE-C1-PLA;1,6007;1,5949;1,5912;t=room pH=3;r;3
1;2021-01-11 11:30:00;BPE-C1-PLA;1,6008;1,5953;1,5912;t=room pH=3;r;3
1;2021-01-11 12:30:00;BPE-C1-PLA;1,6027;1,597;1,5899;t=room pH=3;r;3
1;2021-01-11 14:30:00;BPE-C1-PLA;1,6019;1,5963;1,5911;t=room pH=3;r;3
1;2021-01-11 16:30:00;BPE-C1-PLA;1,6009;1,5983;1,5909;t=room pH=3;r;3
1;2021-01-12 08:30:00;BPE-C1-PLA;1,6032;1,5999;1,5937;t=room pH=3;r;3
1;2021-01-12 12:30:00;BPE-C1-PLA;1,6032;1,5993;1,5954;t=room pH=3;r;3
1;2021-01-12 16:30:00;BPE-C1-PLA;1,6032;1,5994;1,5927;t=room pH=3;r;3
1;2021-01-13 08:30:00;BPE-C1-PLA;1,6034;1,601;1,5951;t=room pH=3;r;3
1;2021-01-13 12:30:00;BPE-C1-PLA;1,6069;1,5983;1,5953;t=room pH=3;r;3
1;2021-01-13 16:30:00;BPE-C1-PLA;1,6055;1,5997;1,5944;t=room pH=3;r;3
1;2021-01-14 08:30:00;BPE-C1-PLA;1,6066;1,6008;1,595;t=room pH=3;r;3
1;2021-01-14 16:30:00;BPE-C1-PLA;1,6062;1,6001;1,5957;t=room pH=3;r;3
1;2021-01-15 08:30:00;BPE-C1-PLA;1,6067;1,6053;1,5955;t=room pH=3;r;3
1;2021-01-15 16:30:00;BPE-C1-PLA;1,6084;1,6033;1,5965;t=room pH=3;r;3
1;2021-01-18 08:30:00;BPE-C1-PLA;1,6086;1,6009;1,596;t=room pH=3;r;3
1;2021-01-19 08:30:00;BPE-C1-PLA;1,6086;1,6017;1,5969;t=room pH=3;r;3
1;2021-01-11 08:30:00;BPE-C2-PLA;3,8123;3,7574;3,8094;t=room pH=3;r;3
1;2021-01-11 09:00:00;BPE-C2-PLA;3,8185;3,7653;3,8093;t=room pH=3;r;3
1;2021-01-11 09:30:00;BPE-C2-PLA;3,8216;3,7754;3,8097;t=room pH=3;r;3
1;2021-01-11 10:30:00;BPE-C2-PLA;3,8166;3,7675;3,8114;t=room pH=3;r;3
1;2021-01-11 11:30:00;BPE-C2-PLA;3,8177;3,7694;3,8125;t=room pH=3;r;3
1;2021-01-11 12:30:00;BPE-C2-PLA;3,823;3,7644;3,8205;t=room pH=3;r;3
1;2021-01-11 14:30:00;BPE-C2-PLA;3,8183;3,7623;3,8141;t=room pH=3;r;3
1;2021-01-11 16:30:00;BPE-C2-PLA;3,8165;3,7676;3,8149;t=room pH=3;r;3
1;2021-01-12 08:30:00;BPE-C2-PLA;3,8206;3,768;3,8173;t=room pH=3;r;3
1;2021-01-12 12:30:00;BPE-C2-PLA;3,8191;3,766;3,8195;t=room pH=3;r;3
1;2021-01-12 16:30:00;BPE-C2-PLA;3,8192;3,7666;3,818;t=room pH=3;r;3
1;2021-01-13 08:30:00;BPE-C2-PLA;3,8201;3,7675;3,8188;t=room pH=3;r;3
1;2021-01-13 12:30:00;BPE-C2-PLA;3,821;3,7667;3,8187;t=room pH=3;r;3
1;2021-01-13 16:30:00;BPE-C2-PLA;3,8222;3,7666;3,8185;t=room pH=3;r;3
1;2021-01-14 08:30:00;BPE-C2-PLA;3,8218;3,7687;3,8234;t=room pH=3;r;3
1;2021-01-14 16:30:00;BPE-C2-PLA;3,823;3,7679;3,8203;t=room pH=3;r;3
1;2021-01-15 08:30:00;BPE-C2-PLA;3,8254;3,7692;3,8221;t=room pH=3;r;3
1;2021-01-15 16:30:00;BPE-C2-PLA;3,8286;3,7693;3,8216;t=room pH=3;r;3
1;2021-01-18 08:30:00;BPE-C2-PLA;3,8268;3,7717;3,8268;t=room pH=3;r;3
1;2021-01-19 08:30:00;BPE-C2-PLA;3,8271;3,7732;3,8254;t=room pH=3;r;3
1;2021-01-20 08:30:00;BPE-SP-PBS;1,5172;1,5033;1,5124;t=room pH=3;r;3
1;2021-01-20 08:30:00;BPE-RP-PLA;1,7585;1,7628;1,7553;t=room pH=3;r;3
1;2021-01-20 08:30:00;BPE-C1-PLA;1,6082;1,6022;1,5973;t=room pH=3;r;3
1;2021-01-21 08:30:00;BPE-C1-PLA;1,6082;1,6026;1,5978;t=room pH=3;r;3
1;2021-01-20 08:30:00;BPE-C2-PLA;3,8298;3,775;3,8265;t=room pH=3;r;3
1;2021-01-21 08:30:00;BPE-C2-PLA;3,8296;3,7757;3,8284;t=room pH=3;r;3
1;2021-01-22 08:30:00;BPE-RP-PLA;1,7580;1,7625;1,7548;t=room pH=3;r;3
1;2021-01-22 08:30:00;BPE-SP-PBS;1,5185;1,5033;1,5128;t=room pH=3;r;3
1;2021-01-22 08:30:00;BPE-C1-PLA;1,6082;1,6026;1,5978;t=room pH=3;r;3
1;2021-01-22 08:30:00;BPE-C2-PLA;3,8296;3,7757;3,8284;t=room pH=3;r;3
1;2021-01-21 08:30:00;BPE-RP-PLA;1,7581;1,7608;1,7549;t=room pH=3;r;3
1;2021-01-21 08:30:00;BPE-SP-PBS;1,5182;1,5036;1,5129;t=room pH=3;r;3
1;2021-01-25 08:30:00;BPE-RP-PLA;1,7583;1,7622;1,7549;t=room pH=3;r;3
1;2021-01-25 08:30:00;BPE-SP-PBS;1,5180;1,5035;1,5131;t=room pH=3;r;3
1;2021-01-25 08:30:00;BPE-C1-PLA;1,6081;1,6020;1,5967;t=room pH=3;r;3
1;2021-01-25 08:30:00;BPE-C2-PLA;3,8317;3,7760;3,8294;t=room pH=3;r;3
1;2021-01-27 08:30:00;BPE-RP-PLA;1,7584;1,7618;1,7552;t=room pH=3;r;3
1;2021-01-27 08:30:00;BPE-SP-PBS;1,5177;1,5035;1,5129;t=room pH=3;r;3
1;2021-01-27 08:30:00;BPE-C1-PLA;1,6084;1,6015;1,5970;t=room pH=3;r;3
1;2021-01-27 08:30:00;BPE-C2-PLA;3,8319;3,7780;3,8310;t=room pH=3;r;3
1;2021-01-29 08:30:00;BPE-RP-PLA;1,7589;1,7624;1,7558;t=room pH=3;r;3
1;2021-01-29 08:30:00;BPE-SP-PBS;1,5180;1,5041;1,5132;t=room pH=3;r;3
1;2021-01-29 08:30:00;BPE-C1-PLA;1,6085;1,6025;1,5982;t=room pH=3;r;3
1;2021-01-29 08:30:00;BPE-C2-PLA;3,8335;3,7775;3,8333;t=room pH=3;r;3
1;2021-02-01 08:30:00;BPE-RP-PLA;1,7594;1,7622;1,7560;t=room pH=3;r;3
1;2021-02-01 08:30:00;BPE-SP-PBS;1,5182;1,5036;1,5131;t=room pH=3;r;3
1;2021-02-01 08:30:00;BPE-C1-PLA;1,6089;1,6023;1,5977;t=room pH=3;r;3
1;2021-02-01 08:30:00;BPE-C2-PLA;3,8344;3,7801;3,8345;t=room pH=3;r;3
1;2021-02-04 08:30:00;BPE-RP-PLA;1,7598;1,7626;1,7560;t=room pH=3;r;3
1;2021-02-04 08:30:00;BPE-SP-PBS;1,5182;1,5040;1,5133;t=room pH=3;r;3
1;2021-02-04 08:30:00;BPE-C1-PLA;1,6088;1,6025;1,6008;t=room pH=3;r;3
1;2021-02-04 08:30:00;BPE-C2-PLA;3,8339;3,7794;3,8345;t=room pH=3;r;3
1;2021-02-08 08:30:00;BPE-RP-PLA;1,7602;1,7634;1,7563;t=room pH=3;r;3
1;2021-02-08 08:30:00;BPE-SP-PBS;1,5181;1,5036;1,5132;t=room pH=3;r;3
1;2021-02-08 08:30:00;BPE-C1-PLA;1,6092;1,6030;1,5979;t=room pH=3;r;3
1;2021-02-08 08:30:00;BPE-C2-PLA;3,8353;3,7804;3,8343;t=room pH=3;r;3
1;2021-02-11 08:30:00;BPE-RP-PLA;1,7597;1,7626;1,7564;t=room pH=3;r;3
1;2021-02-11 08:30:00;BPE-SP-PBS;1,5180;1,5038;1,5130;t=room pH=3;r;3
1;2021-02-11 08:30:00;BPE-C1-PLA;1,6094;1,6028;1,5979;t=room pH=3;r;3
1;2021-02-11 08:30:00;BPE-C2-PLA;3,8353;3,7801;3,8332;t=room pH=3;r;3
1;2021-02-15 08:30:00;BPE-RP-PLA;1,7588;1,7631;1,7563;t=room pH=3;r;3
1;2021-02-15 08:30:00;BPE-C1-PLA;1,6089;1,6025;1,5983;t=room pH=3;r;3
1;2021-02-15 08:30:00;BPE-C2-PLA;3,8347;3,7827;3,8333;t=room pH=3;r;3
2;2021-02-08 08:30:00;BPE-RP-PLA;1,7606;1,7555;1,7665;t=room pH=5;r;5
2;2021-02-08 08:30:00;BPE-SP-PBS;1,5155;1,5137;1,5067;t=room pH=5;r;5
2;2021-02-08 08:30:00;BPE-C1-PLA;1,6044;1,5966;1,6024;t=room pH=5;r;5
2;2021-02-08 08:30:00;BPE-C2-PLA;3,7852;3,7542;3,7736;t=room pH=5;r;5
2;2021-02-08 09:00:00;BPE-RP-PLA;1,7629;1,7566;1,7683;t=room pH=5;r;5
2;2021-02-08 09:00:00;BPE-SP-PBS;1,5161;1,5148;1,5077;t=room pH=5;r;5
2;2021-02-08 09:00:00;BPE-C1-PLA;1,6073;1,5992;1,6042;t=room pH=5;r;5
2;2021-02-08 09:00:00;BPE-C2-PLA;3,7881;3,7564;3,7779;t=room pH=5;r;5
2;2021-02-08 09:30:00;BPE-RP-PLA;1,7629;1,7565;1,7682;t=room pH=5;r;5
2;2021-02-08 09:30:00;BPE-SP-PBS;1,5168;1,5150;1,5080;t=room pH=5;r;5
2;2021-02-08 09:30:00;BPE-C1-PLA;1,6073;1,5992;1,6042;t=room pH=5;r;5
2;2021-02-08 09:30:00;BPE-C2-PLA;3,7884;3,7570;3,7775;t=room pH=5;r;5
2;2021-02-08 10:30:00;BPE-RP-PLA;1,7629;1,7567;1,7686;t=room pH=5;r;5
2;2021-02-08 10:30:00;BPE-SP-PBS;1,5170;1,5154;1,5082;t=room pH=5;r;5
2;2021-02-08 10:30:00;BPE-C1-PLA;1,6076;1,5991;1,6046;t=room pH=5;r;5
2;2021-02-08 10:30:00;BPE-C2-PLA;3,7905;3,7579;3,7786;t=room pH=5;r;5
2;2021-02-08 11:30:00;BPE-RP-PLA;1,7632;1,7574;1,7690;t=room pH=5;r;5
2;2021-02-08 11:30:00;BPE-SP-PBS;1,5178;1,5161;1,5089;t=room pH=5;r;5
2;2021-02-08 11:30:00;BPE-C1-PLA;1,6078;1,6000;1,6049;t=room pH=5;r;5
2;2021-02-08 11:30:00;BPE-C2-PLA;3,7888;3,7575;3,7775;t=room pH=5;r;5
2;2021-02-08 12:30:00;BPE-RP-PLA;1,7631;1,7576;1,7692;t=room pH=5;r;5
2;2021-02-08 12:30:00;BPE-SP-PBS;1,5182;1,5165;1,5095;t=room pH=5;r;5
2;2021-02-08 12:30:00;BPE-C1-PLA;1,6083;1,6000;1,6057;t=room pH=5;r;5
2;2021-02-08 12:30:00;BPE-C2-PLA;3,7900;3,7606;3,7791;t=room pH=5;r;5
2;2021-02-08 16:30:00;BPE-RP-PLA;1,7643;1,7584;1,7697;t=room pH=5;r;5
2;2021-02-08 16:30:00;BPE-SP-PBS;1,5187;1,5169;1,5098;t=room pH=5;r;5
2;2021-02-08 16:30:00;BPE-C1-PLA;1,6086;1,6006;1,6064;t=room pH=5;r;5
2;2021-02-08 16:30:00;BPE-C2-PLA;3,7909;3,7585;3,7797;t=room pH=5;r;5
2;2021-02-09 08:30:00;BPE-RP-PLA;1,7655;1,7602;1,7708;t=room pH=5;r;5
2;2021-02-09 08:30:00;BPE-SP-PBS;1,5209;1,5190;1,5116;t=room pH=5;r;5
2;2021-02-09 08:30:00;BPE-C1-PLA;1,6105;1,6020;1,6079;t=room pH=5;r;5
2;2021-02-09 08:30:00;BPE-C2-PLA;3,7926;3,7615;3,7812;t=room pH=5;r;5
2;2021-02-09 12:30:00;BPE-RP-PLA;1,7660;1,7605;1,7720;t=room pH=5;r;5
2;2021-02-09 12:30:00;BPE-SP-PBS;1,5210;1,5196;1,5121;t=room pH=5;r;5
2;2021-02-09 12:30:00;BPE-C1-PLA;1,6108;1,6025;1,6084;t=room pH=5;r;5
2;2021-02-09 12:30:00;BPE-C2-PLA;3,7941;3,7632;3,7822;t=room pH=5;r;5
2;2021-02-09 16:30:00;BPE-RP-PLA;1,7658;1,7611;1,7717;t=room pH=5;r;5
2;2021-02-09 16:30:00;BPE-SP-PBS;1,5213;1,5197;1,5126;t=room pH=5;r;5
2;2021-02-09 16:30:00;BPE-C1-PLA;1,6108;1,6030;1,6086;t=room pH=5;r;5
2;2021-02-09 16:30:00;BPE-C2-PLA;3,7953;3,7622;3,7839;t=room pH=5;r;5
2;2021-02-10 08:30:00;BPE-RP-PLA;1,7676;1,7620;1,7727;t=room pH=5;r;5
2;2021-02-10 08:30:00;BPE-SP-PBS;1,5223;1,5206;1,5134;t=room pH=5;r;5
2;2021-02-10 08:30:00;BPE-C1-PLA;1,6123;1,6042;1,6096;t=room pH=5;r;5
2;2021-02-10 08:30:00;BPE-C2-PLA;3,7957;3,7646;3,7843;t=room pH=5;r;5
2;2021-02-10 12:30:00;BPE-RP-PLA;1,7686;1,7624;1,7735;t=room pH=5;r;5
2;2021-02-10 12:30:00;BPE-SP-PBS;1,5226;1,5206;1,5135;t=room pH=5;r;5
2;2021-02-10 12:30:00;BPE-C1-PLA;1,6116;1,6041;1,6094;t=room pH=5;r;5
2;2021-02-10 12:30:00;BPE-C2-PLA;3,7955;3,7648;3,7850;t=room pH=5;r;5
2;2021-02-10 16:30:00;BPE-RP-PLA;1,7678;1,7619;1,7735;t=room pH=5;r;5
2;2021-02-10 16:30:00;BPE-SP-PBS;1,5225;1,5210;1,5139;t=room pH=5;r;5
2;2021-02-10 16:30:00;BPE-C1-PLA;1,6125;1,6049;1,6099;t=room pH=5;r;5
2;2021-02-10 16:30:00;BPE-C2-PLA;3,7972;3,7649;3,7873;t=room pH=5;r;5
2;2021-02-11 08:30:00;BPE-RP-PLA;1,7681;1,7621;1,7735;t=room pH=5;r;5
2;2021-02-11 08:30:00;BPE-SP-PBS;1,5230;1,5215;1,5143;t=room pH=5;r;5
2;2021-02-11 08:30:00;BPE-C1-PLA;1,6127;1,6050;1,6108;t=room pH=5;r;5
2;2021-02-11 08:30:00;BPE-C2-PLA;3,7984;3,7655;3,7869;t=room pH=5;r;5
2;2021-02-11 16:30:00;BPE-RP-PLA;1,7677;1,7629;1,7742;t=room pH=5;r;5
2;2021-02-11 16:30:00;BPE-SP-PBS;1,5234;1,5216;1,5147;t=room pH=5;r;5
2;2021-02-11 16:30:00;BPE-C1-PLA;1,6129;1,6058;1,6106;t=room pH=5;r;5
2;2021-02-11 16:30:00;BPE-C2-PLA;3,7976;3,7662;3,7862;t=room pH=5;r;5
2;2021-02-12 08:30:00;BPE-RP-PLA;1,7680;1,7635;1,7744;t=room pH=5;r;5
2;2021-02-12 08:30:00;BPE-SP-PBS;1,5239;1,5222;1,5149;t=room pH=5;r;5
2;2021-02-12 08:30:00;BPE-C1-PLA;1,6130;1,6050;1,6107;t=room pH=5;r;5
2;2021-02-12 08:30:00;BPE-C2-PLA;3,7980;3,7666;3,7884;t=room pH=5;r;5
2;2021-02-12 16:30:00;BPE-RP-PLA;1,7685;1,7631;1,7744;t=room pH=5;r;5
2;2021-02-12 16:30:00;BPE-SP-PBS;1,5240;1,5226;1,5153;t=room pH=5;r;5
2;2021-02-12 16:30:00;BPE-C1-PLA;1,6130;1,6054;1,6111;t=room pH=5;r;5
2;2021-02-12 16:30:00;BPE-C2-PLA;3,7983;3,7678;3,7873;t=room pH=5;r;5
2;2021-02-15 08:30:00;BPE-RP-PLA;1,7696;1,7638;1,7754;t=room pH=5;r;5
2;2021-02-15 08:30:00;BPE-SP-PBS;1,5241;1,5220;1,5155;t=room pH=5;r;5
2;2021-02-15 08:30:00;BPE-C1-PLA;1,6142;1,6058;1,6113;t=room pH=5;r;5
2;2021-02-15 08:30:00;BPE-C2-PLA;3,8004;3,7692;3,7888;t=room pH=5;r;5
2;2021-02-16 08:30:00;BPE-RP-PLA;1,7690;1,7637;1,7749;t=room pH=5;r;5
2;2021-02-16 08:30:00;BPE-SP-PBS;1,5245;1,5226;1,5158;t=room pH=5;r;5
2;2021-02-16 08:30:00;BPE-C1-PLA;1,6136;1,6060;1,6116;t=room pH=5;r;5
2;2021-02-16 08:30:00;BPE-C2-PLA;3,8009;3,7700;3,7897;t=room pH=5;r;5
2;2021-02-17 08:30:00;BPE-RP-PLA;1,7693;1,7639;1,7754;t=room pH=5;r;5
2;2021-02-17 08:30:00;BPE-SP-PBS;1,5245;1,5229;1,5159;t=room pH=5;r;5
2;2021-02-17 08:30:00;BPE-C1-PLA;1,6144;1,6067;1,6123;t=room pH=5;r;5
2;2021-02-17 08:30:00;BPE-C2-PLA;3,8016;3,7700;3,7902;t=room pH=5;r;5
2;2021-02-18 08:30:00;BPE-RP-PLA;1,7693;1,7638;1,7755;t=room pH=5;r;5
2;2021-02-18 08:30:00;BPE-SP-PBS;1,5245;1,5230;1,5158;t=room pH=5;r;5
2;2021-02-18 08:30:00;BPE-C1-PLA;1,6141;1,6061;1,6118;t=room pH=5;r;5
2;2021-02-18 08:30:00;BPE-C2-PLA;3,8021;3,7705;3,7908;t=room pH=5;r;5
2;2021-02-19 08:30:00;BPE-RP-PLA;1,7695;1,7639;1,7754;t=room pH=5;r;5
2;2021-02-19 08:30:00;BPE-SP-PBS;1,5247;1,5230;1,5159;t=room pH=5;r;5
2;2021-02-19 08:30:00;BPE-C1-PLA;1,6141;1,6061;1,6121;t=room pH=5;r;5
2;2021-02-19 08:30:00;BPE-C2-PLA;3,8028;3,7716;3,7917;t=room pH=5;r;5
2;2021-02-22 08:30:00;BPE-RP-PLA;1,7696;1,7640;1,7760;t=room pH=5;r;5
2;2021-02-22 08:30:00;BPE-SP-PBS;1,5249;1,5229;1,5162;t=room pH=5;r;5
2;2021-02-22 08:30:00;BPE-C1-PLA;1,6142;1,6066;1,6122;t=room pH=5;r;5
2;2021-02-22 08:30:00;BPE-C2-PLA;3,8044;3,7727;3,7928;t=room pH=5;r;5
2;2021-02-24 08:30:00;BPE-RP-PLA;1,7697;1,7641;1,7760;t=room pH=5;r;5
2;2021-02-24 08:30:00;BPE-SP-PBS;1,5250;1,5231;1,5161;t=room pH=5;r;5
2;2021-02-24 08:30:00;BPE-C1-PLA;1,6145;1,6066;1,6122;t=room pH=5;r;5
2;2021-02-24 08:30:00;BPE-C2-PLA;3,8049;3,7733;3,7946;t=room pH=5;r;5
2;2021-02-26 08:30:00;BPE-RP-PLA;1,7693;1,7646;1,7763;t=room pH=5;r;5
2;2021-02-26 08:30:00;BPE-SP-PBS;1,5249;1,5238;1,5164;t=room pH=5;r;5
2;2021-02-26 08:30:00;BPE-C1-PLA;1,6145;1,6063;1,6122;t=room pH=5;r;5
2;2021-02-26 08:30:00;BPE-C2-PLA;3,8053;3,7738;3,7938;t=room pH=5;r;5
2;2021-03-01 08:30:00;BPE-RP-PLA;1,7700;1,7650;1,7761;t=room pH=5;r;5
2;2021-03-01 08:30:00;BPE-SP-PBS;1,5251;1,5232;1,5160;t=room pH=5;r;5
2;2021-03-01 08:30:00;BPE-C1-PLA;1,6146;1,6070;1,6122;t=room pH=5;r;5
2;2021-03-01 08:30:00;BPE-C2-PLA;3,8061;3,7747;3,7945;t=room pH=5;r;5
2;2021-03-04 08:30:00;BPE-RP-PLA;1,7707;1,7654;1,7760;t=room pH=5;r;5
2;2021-03-04 08:30:00;BPE-SP-PBS;1,5253;1,5232;1,5163;t=room pH=5;r;5
2;2021-03-04 08:30:00;BPE-C1-PLA;1,6144;1,6066;1,6131;t=room pH=5;r;5
2;2021-03-04 08:30:00;BPE-C2-PLA;3,8072;3,7754;3,7952;t=room pH=5;r;5
2;2021-03-08 08:30:00;BPE-RP-PLA;1,7700;1,7646;1,7773;t=room pH=5;r;5
2;2021-03-08 08:30:00;BPE-SP-PBS;1,5250;1,5233;1,5163;t=room pH=5;r;5
2;2021-03-08 08:30:00;BPE-C1-PLA;1,6150;1,6070;1,6129;t=room pH=5;r;5
2;2021-03-08 08:30:00;BPE-C2-PLA;3,8076;3,7754;3,7955;t=room pH=5;r;5
2;2021-03-11 08:30:00;BPE-RP-PLA;1,7711;1,7648;1,7780;t=room pH=5;r;5
2;2021-03-11 08:30:00;BPE-SP-PBS;1,5251;1,5230;1,5161;t=room pH=5;r;5
2;2021-03-11 08:30:00;BPE-C1-PLA;1,6164;1,6076;1,6135;t=room pH=5;r;5
2;2021-03-11 08:30:00;BPE-C2-PLA;3,8085;3,7759;3,7959;t=room pH=5;r;5
2;2021-03-15 08:30:00;BPE-RP-PLA;1,7710;1,7654;1,7777;t=room pH=5;r;5
2;2021-03-15 08:30:00;BPE-SP-PBS;1,5253;1,5237;1,5161;t=room pH=5;r;5
2;2021-03-15 08:30:00;BPE-C1-PLA;1,6154;1,6077;1,6140;t=room pH=5;r;5
2;2021-03-15 08:30:00;BPE-C2-PLA;3,8090;3,7770;3,7969;t=room pH=5;r;5
2;2021-03-22 08:30:00;BPE-RP-PLA;1,7713;1,7649;1,7762;t=room pH=5;r;5
2;2021-03-22 08:30:00;BPE-SP-PBS;1,5251;1,5233;1,5160;t=room pH=5;r;5
2;2021-03-22 08:30:00;BPE-C1-PLA;1,6159;1,6072;1,6132;t=room pH=5;r;5
2;2021-03-22 08:30:00;BPE-C2-PLA;3,8092;3,7770;3,7978;t=room pH=5;r;5
2;2021-03-26 08:30:00;BPE-RP-PLA;1,7709;1,7659;1,7776;t=room pH=5;r;5
2;2021-03-26 08:30:00;BPE-SP-PBS;1,5252;1,5234;1,5165;t=room pH=5;r;5
2;2021-03-26 08:30:00;BPE-C1-PLA;1,6156;1,6076;1,6126;t=room pH=5;r;5
2;2021-03-26 08:30:00;BPE-C2-PLA;3,8102;3,7772;3,7980;t=room pH=5;r;5
2;2021-03-29 08:30:00;BPE-RP-PLA;1,7706;1,7654;1,7773;t=room pH=5;r;5
2;2021-03-29 08:30:00;BPE-SP-PBS;1,5246;1,5232;1,5163;t=room pH=5;r;5
2;2021-03-29 08:30:00;BPE-C1-PLA;1,6155;1,6075;1,6133;t=room pH=5;r;5
2;2021-03-29 08:30:00;BPE-C2-PLA;3,8094;3,7773;3,7975;t=room pH=5;r;5
3;2021-02-22 08:30:00;BPE-C1-PLA;1,5890;1,5943;1,6131;t=room pH=12;r;12
3;2021-02-22 08:30:00;BPE-C2-PLA;3,7995;3,7895;3,7705;t=room pH=12;r;12
3;2021-02-22 09:00:00;BPE-C1-PLA;1,5903;1,5954;1,6145;t=room pH=12;r;12
3;2021-02-22 09:00:00;BPE-C2-PLA;3,8011;3,7915;3,7722;t=room pH=12;r;12
3;2021-02-22 09:30:00;BPE-C1-PLA;1,5907;1,5958;1,6146;t=room pH=12;r;12
3;2021-02-22 09:30:00;BPE-C2-PLA;3,8012;3,7913;3,7722;t=room pH=12;r;12
3;2021-02-22 10:30:00;BPE-C1-PLA;1,5904;1,5962;1,6153;t=room pH=12;r;12
3;2021-02-22 10:30:00;BPE-C2-PLA;3,8019;3,7925;3,7729;t=room pH=12;r;12
3;2021-02-22 11:30:00;BPE-C1-PLA;1,5907;1,5962;1,6154;t=room pH=12;r;12
3;2021-02-22 11:30:00;BPE-C2-PLA;3,8026;3,7924;3,7730;t=room pH=12;r;12
3;2021-02-22 12:30:00;BPE-C1-PLA;1,5911;1,5964;1,6156;t=room pH=12;r;12
3;2021-02-22 12:30:00;BPE-C2-PLA;3,8029;3,7926;3,7731;t=room pH=12;r;12
3;2021-02-22 14:30:00;BPE-C1-PLA;1,5921;1,5969;1,6160;t=room pH=12;r;12
3;2021-02-22 14:30:00;BPE-C2-PLA;3,8036;3,7934;3,7741;t=room pH=12;r;12
3;2021-02-22 16:30:00;BPE-C1-PLA;1,5923;1,5974;1,6164;t=room pH=12;r;12
3;2021-02-22 16:30:00;BPE-C2-PLA;3,8046;3,7941;3,7746;t=room pH=12;r;12
3;2021-02-23 08:30:00;BPE-C1-PLA;1,5940;1,5992;1,6187;t=room pH=12;r;12
3;2021-02-23 08:30:00;BPE-C2-PLA;3,8066;3,7967;3,7773;t=room pH=12;r;12
3;2021-02-23 14:30:00;BPE-C1-PLA;1,5944;1,5995;1,6188;t=room pH=12;r;12
3;2021-02-23 14:30:00;BPE-C2-PLA;3,8075;3,7969;3,7779;t=room pH=12;r;12
3;2021-02-23 16:30:00;BPE-C1-PLA;1,5947;1,6000;1,6191;t=room pH=12;r;12
3;2021-02-23 16:30:00;BPE-C2-PLA;3,8078;3,7973;3,7779;t=room pH=12;r;12
3;2021-02-24 08:30:00;BPE-C1-PLA;1,5954;1,6008;1,6202;t=room pH=12;r;12
3;2021-02-24 08:30:00;BPE-C2-PLA;3,8097;3,7990;3,7800;t=room pH=12;r;12
3;2021-02-24 14:30:00;BPE-C1-PLA;1,5959;1,6007;1,6204;t=room pH=12;r;12
3;2021-02-24 14:30:00;BPE-C2-PLA;3,8096;3,7994;3,7802;t=room pH=12;r;12
3;2021-02-24 16:30:00;BPE-C1-PLA;1,5962;1,6019;1,6207;t=room pH=12;r;12
3;2021-02-24 16:30:00;BPE-C2-PLA;3,8101;3,8004;3,7805;t=room pH=12;r;12
3;2021-02-25 08:30:00;BPE-C1-PLA;1,5962;1,6017;1,6209;t=room pH=12;r;12
3;2021-02-25 08:30:00;BPE-C2-PLA;3,8108;3,8009;3,7812;t=room pH=12;r;12
3;2021-02-25 16:30:00;BPE-C1-PLA;1,5968;1,6017;1,6210;t=room pH=12;r;12
3;2021-02-25 16:30:00;BPE-C2-PLA;3,8115;3,8014;3,7817;t=room pH=12;r;12
3;2021-02-26 08:30:00;BPE-C1-PLA;1,5969;1,6020;1,6216;t=room pH=12;r;12
3;2021-02-26 08:30:00;BPE-C2-PLA;3,8128;3,8026;3,7831;t=room pH=12;r;12
3;2021-02-26 16:30:00;BPE-C1-PLA;1,5976;1,6025;1,6218;t=room pH=12;r;12
3;2021-02-26 16:30:00;BPE-C2-PLA;3,8132;3,8036;3,7834;t=room pH=12;r;12
3;2021-03-01 08:30:00;BPE-C1-PLA;1,5980;1,6030;1,6224;t=room pH=12;r;12
3;2021-03-01 08:30:00;BPE-C2-PLA;3,8150;3,8054;3,7857;t=room pH=12;r;12
3;2021-03-02 08:30:00;BPE-C1-PLA;1,5977;1,6032;1,6225;t=room pH=12;r;12
3;2021-03-02 08:30:00;BPE-C2-PLA;3,8160;3,8059;3,7861;t=room pH=12;r;12
3;2021-03-03 08:30:00;BPE-C1-PLA;1,5982;1,6042;1,6229;t=room pH=12;r;12
3;2021-03-03 08:30:00;BPE-C2-PLA;3,8167;3,8067;3,7871;t=room pH=12;r;12
3;2021-03-04 08:30:00;BPE-C1-PLA;1,5981;1,6052;1,6234;t=room pH=12;r;12
3;2021-03-04 08:30:00;BPE-C2-PLA;3,8175;3,8074;3,7883;t=room pH=12;r;12
3;2021-03-05 08:30:00;BPE-C1-PLA;1,5986;1,6034;1,6235;t=room pH=12;r;12
3;2021-03-05 08:30:00;BPE-C2-PLA;3,8175;3,8082;3,7886;t=room pH=12;r;12
3;2021-03-08 08:30:00;BPE-C1-PLA;1,5981;1,6035;1,6230;t=room pH=12;r;12
3;2021-03-08 08:30:00;BPE-C2-PLA;3,8191;3,8104;3,7896;t=room pH=12;r;12
3;2021-03-10 08:30:00;BPE-C1-PLA;1,5989;1,6039;1,6233;t=room pH=12;r;12
3;2021-03-10 08:30:00;BPE-C2-PLA;3,8207;3,8097;3,7904;t=room pH=12;r;12
3;2021-03-12 08:30:00;BPE-C1-PLA;1,5991;1,6052;1,6238;t=room pH=12;r;12
3;2021-03-12 08:30:00;BPE-C2-PLA;3,8209;3,8104;3,7912;t=room pH=12;r;12
3;2021-03-15 08:30:00;BPE-C1-PLA;1,5987;1,6046;1,6238;t=room pH=12;r;12
3;2021-03-15 08:30:00;BPE-C2-PLA;3,8210;3,8109;3,7931;t=room pH=12;r;12
3;2021-03-18 08:30:00;BPE-C1-PLA;1,5986;1,6038;1,6230;t=room pH=12;r;12
3;2021-03-18 08:30:00;BPE-C2-PLA;3,8210;3,8114;3,7914;t=room pH=12;r;12
3;2021-03-22 08:30:00;BPE-C1-PLA;1,5990;1,6055;1,6249;t=room pH=12;r;12
3;2021-03-22 08:30:00;BPE-C2-PLA;3,8210;3,8109;3,7924;t=room pH=12;r;12
3;2021-03-25 08:30:00;BPE-C1-PLA;1,5989;1,6044;1,6235;t=room pH=12;r;12
3;2021-03-25 08:30:00;BPE-C2-PLA;3,8224;3,8118;3,7947;t=room pH=12;r;12
3;2021-03-29 08:30:00;BPE-C1-PLA;1,5995;1,6048;1,6230;t=room pH=12;r;12
3;2021-03-29 08:30:00;BPE-C2-PLA;3,8218;3,8120;3,7930;t=room pH=12;r;12
3;2021-04-01 08:30:00;BPE-C1-PLA;1,5984;1,6042;1,6226;t=room pH=12;r;12
3;2021-04-01 08:30:00;BPE-C2-PLA;3,8226;3,8141;3,7929;t=room pH=12;r;12
3;2021-04-06 08:30:00;BPE-C1-PLA;1,5984;1,6045;1,6229;t=room pH=12;r;12
3;2021-04-06 08:30:00;BPE-C2-PLA;3,8214;3,8124;3,7937;t=room pH=12;r;12
3;2021-04-09 08:30:00;BPE-C1-PLA;1,5999;1,6041;1,6231;t=room pH=12;r;12
3;2021-04-09 08:30:00;BPE-C2-PLA;3,8212;3,8119;3,7932;t=room pH=12;r;12
3;2021-04-13 08:30:00;BPE-C1-PLA;1,5980;1,6035;1,6225;t=room pH=12;r;12
3;2021-04-13 08:30:00;BPE-C2-PLA;3,8214;3,8132;3,7928;t=room pH=12;r;12
3;2021-04-16 08:30:00;BPE-C1-PLA;1,5977;1,6032;1,6224;t=room pH=12;r;12
3;2021-04-16 08:30:00;BPE-C2-PLA;3,8216;3,8126;3,7929;t=room pH=12;r;12
4;2021-03-01 08:30:00;BPE-SP-PBS;1,5116;1,5208;1,5119;t=70 °C pH=3;70;3
4;2021-03-01 08:30:00;BPE-C1-PLA;1,5963;1,6060;1,6004;t=70 °C pH=3;70;3
4;2021-03-01 08:30:00;BPE-C2-PLA;3,7776;3,7663;3,7784;t=70 °C pH=3;70;3
4;2021-03-01 09:00:00;BPE-SP-PBS;1,5191;1,5284;1,5194;t=70 °C pH=3;70;3
4;2021-03-01 09:00:00;BPE-C1-PLA;1,6025;1,6123;1,6062;t=70 °C pH=3;70;3
4;2021-03-01 09:00:00;BPE-C2-PLA;3,7855;3,7744;3,7866;t=70 °C pH=3;70;3
4;2021-03-01 09:30:00;BPE-SP-PBS;1,5230;1,5320;1,5234;t=70 °C pH=3;70;3
4;2021-03-01 09:30:00;BPE-C1-PLA;1,6043;1,6147;1,6084;t=70 °C pH=3;70;3
4;2021-03-01 09:30:00;BPE-C2-PLA;3,7894;3,7784;3,7901;t=70 °C pH=3;70;3
4;2021-03-01 10:00:00;BPE-SP-PBS;1,5252;1,5343;1,5252;t=70 °C pH=3;70;3
4;2021-03-01 10:00:00;BPE-C1-PLA;1,6062;1,6162;1,6104;t=70 °C pH=3;70;3
4;2021-03-01 10:00:00;BPE-C2-PLA;3,7916;3,7805;3,7917;t=70 °C pH=3;70;3
4;2021-03-01 10:30:00;BPE-SP-PBS;1,5268;1,5361;1,5268;t=70 °C pH=3;70;3
4;2021-03-01 10:30:00;BPE-C1-PLA;1,6076;1,6174;1,6116;t=70 °C pH=3;70;3
4;2021-03-01 10:30:00;BPE-C2-PLA;3,7936;3,7819;3,7943;t=70 °C pH=3;70;3
4;2021-03-01 11:30:00;BPE-SP-PBS;1,5289;1,5385;1,5289;t=70 °C pH=3;70;3
4;2021-03-01 11:30:00;BPE-C1-PLA;1,6095;1,6196;1,6139;t=70 °C pH=3;70;3
4;2021-03-01 11:30:00;BPE-C2-PLA;3,7968;3,7853;3,7970;t=70 °C pH=3;70;3
4;2021-03-01 12:30:00;BPE-SP-PBS;1,5300;1,5391;1,5303;t=70 °C pH=3;70;3
4;2021-03-01 12:30:00;BPE-C1-PLA;1,6106;1,6209;1,6148;t=70 °C pH=3;70;3
4;2021-03-01 12:30:00;BPE-C2-PLA;3,7987;3,7874;3,7990;t=70 °C pH=3;70;3
4;2021-03-01 14:30:00;BPE-SP-PBS;1,5314;1,5397;1,5318;t=70 °C pH=3;70;3
4;2021-03-01 14:30:00;BPE-C1-PLA;1,6121;1,6232;1,6168;t=70 °C pH=3;70;3
4;2021-03-01 14:30:00;BPE-C2-PLA;3,8036;3,7918;3,8042;t=70 °C pH=3;70;3
4;2021-03-01 16:30:00;BPE-SP-PBS;1,5323;1,5407;1,5324;t=70 °C pH=3;70;3
4;2021-03-01 16:30:00;BPE-C1-PLA;1,6131;1,6234;1,6174;t=70 °C pH=3;70;3
4;2021-03-01 16:30:00;BPE-C2-PLA;3,8066;3,7955;3,8077;t=70 °C pH=3;70;3
4;2021-03-02 08:30:00;BPE-SP-PBS;1,5323;1,5415;1,5330;t=70 °C pH=3;70;3
4;2021-03-02 08:30:00;BPE-C1-PLA;1,6141;1,6244;1,6178;t=70 °C pH=3;70;3
4;2021-03-02 08:30:00;BPE-C2-PLA;3,8175;3,8060;3,8174;t=70 °C pH=3;70;3
4;2021-03-02 12:30:00;BPE-SP-PBS;1,5331;1,5420;1,5338;t=70 °C pH=3;70;3
4;2021-03-02 12:30:00;BPE-C1-PLA;1,6138;1,6243;1,6177;t=70 °C pH=3;70;3
4;2021-03-02 12:30:00;BPE-C2-PLA;3,8176;3,8068;3,8189;t=70 °C pH=3;70;3
4;2021-03-02 16:30:00;BPE-SP-PBS;1,5330;1,5419;1,5336;t=70 °C pH=3;70;3
4;2021-03-02 16:30:00;BPE-C1-PLA;1,6140;1,6241;1,6180;t=70 °C pH=3;70;3
4;2021-03-02 16:30:00;BPE-C2-PLA;3,8176;3,8062;3,8178;t=70 °C pH=3;70;3
4;2021-03-03 08:30:00;BPE-SP-PBS;1,5331;1,5417;1,5339;t=70 °C pH=3;70;3
4;2021-03-03 08:30:00;BPE-C1-PLA;1,6140;1,6241;1,6179;t=70 °C pH=3;70;3
4;2021-03-03 08:30:00;BPE-C2-PLA;3,8180;3,8065;3,8182;t=70 °C pH=3;70;3
4;2021-03-03 16:30:00;BPE-SP-PBS;1,5337;1,5427;1,5348;t=70 °C pH=3;70;3
4;2021-03-03 16:30:00;BPE-C1-PLA;1,6143;1,6245;1,6175;t=70 °C pH=3;70;3
4;2021-03-03 16:30:00;BPE-C2-PLA;3,8181;3,8064;3,8188;t=70 °C pH=3;70;3
4;2021-03-04 08:30:00;BPE-SP-PBS;1,5337;1,5429;1,5347;t=70 °C pH=3;70;3
4;2021-03-04 08:30:00;BPE-C1-PLA;1,6138;1,6241;1,6182;t=70 °C pH=3;70;3
4;2021-03-04 08:30:00;BPE-C2-PLA;3,8196;3,8077;3,8190;t=70 °C pH=3;70;3
4;2021-03-05 08:30:00;BPE-SP-PBS;1,5342;1,5432;1,5356;t=70 °C pH=3;70;3
4;2021-03-05 08:30:00;BPE-C1-PLA;1,6140;1,6250;1,6181;t=70 °C pH=3;70;3
4;2021-03-05 08:30:00;BPE-C2-PLA;3,8195;3,8081;3,8103;t=70 °C pH=3;70;3
4;2021-03-08 08:30:00;BPE-SP-PBS;1,5360;1,5451;1,5379;t=70 °C pH=3;70;3
4;2021-03-08 08:30:00;BPE-C1-PLA;1,6142;NA;1,6270;t=70 °C pH=3;70;3
4;2021-03-08 08:30:00;BPE-C2-PLA;3,8241;3,8134;3,8247;t=70 °C pH=3;70;3
4;2021-03-15 08:30:00;BPE-SP-PBS;1,5404;1,5490;1,5426;t=70 °C pH=3;70;3
4;2021-03-15 08:30:00;BPE-C1-PLA;1,5951;1,5899;1,5991;t=70 °C pH=3;70;3
4;2021-03-15 08:30:00;BPE-C2-PLA;3,8355;3,8190;3,8200;t=70 °C pH=3;70;3
4;2021-03-22 08:30:00;BPE-SP-PBS;1,5386;1,5463;1,5471;t=70 °C pH=3;70;3
4;2021-03-22 08:30:00;BPE-C2-PLA;3,7258;3,7166;3,7200;t=70 °C pH=3;70;3
5;2021-05-17 08:30:00;BPE-RP-PLA;1,7528;1,7477;1,7494;t=70 °C pH=12;70;12
5;2021-05-17 08:30:00;BPE-C1-PLA;1,5442;1,6047;1,6125;t=70 °C pH=12;70;12
5;2021-05-17 08:30:00;BPE-C2-PLA;3,7646;3,7892;3,8130;t=70 °C pH=12;70;12
5;2021-05-17 09:00:00;BPE-RP-PLA;1,7592;1,7548;1,7560;t=70 °C pH=12;70;12
5;2021-05-17 09:00:00;BPE-C1-PLA;1,5512;1,6123;1,6213;t=70 °C pH=12;70;12
5;2021-05-17 09:00:00;BPE-C2-PLA;3,7745;3,7997;3,8238;t=70 °C pH=12;70;12
5;2021-05-17 09:30:00;BPE-RP-PLA;1,7606;1,7574;1,7591;t=70 °C pH=12;70;12
5;2021-05-17 09:30:00;BPE-C1-PLA;1,5535;1,6148;1,6233;t=70 °C pH=12;70;12
5;2021-05-17 09:30:00;BPE-C2-PLA;3,7781;3,8034;3,8273;t=70 °C pH=12;70;12
5;2021-05-17 10:00:00;BPE-RP-PLA;1,7621;1,7576;1,7608;t=70 °C pH=12;70;12
5;2021-05-17 10:00:00;BPE-C1-PLA;1,5551;1,6162;1,6247;t=70 °C pH=12;70;12
5;2021-05-17 10:00:00;BPE-C2-PLA;3,7802;3,8052;3,8296;t=70 °C pH=12;70;12
5;2021-05-17 10:30:00;BPE-RP-PLA;1,7633;1,7596;1,7604;t=70 °C pH=12;70;12
5;2021-05-17 10:30:00;BPE-C1-PLA;1,5560;1,6171;1,6258;t=70 °C pH=12;70;12
5;2021-05-17 10:30:00;BPE-C2-PLA;3,7822;3,8070;3,8316;t=70 °C pH=12;70;12
5;2021-05-17 11:30:00;BPE-RP-PLA;1,7649;1,7608;1,7628;t=70 °C pH=12;70;12
5;2021-05-17 11:30:00;BPE-C1-PLA;1,5573;1,6190;1,6276;t=70 °C pH=12;70;12
5;2021-05-17 11:30:00;BPE-C2-PLA;3,7850;3,8102;3,8344;t=70 °C pH=12;70;12
5;2021-05-17 12:30:00;BPE-RP-PLA;1,7659;1,7611;1,7633;t=70 °C pH=12;70;12
5;2021-05-17 12:30:00;BPE-C1-PLA;1,5567;1,6199;1,6269;t=70 °C pH=12;70;12
5;2021-05-17 12:30:00;BPE-C2-PLA;3,7862;3,8116;3,8362;t=70 °C pH=12;70;12
5;2021-05-17 14:30:00;BPE-RP-PLA;1,7676;1,7631;1,7653;t=70 °C pH=12;70;12
5;2021-05-17 14:30:00;BPE-C1-PLA;1,5583;1,6205;1,6282;t=70 °C pH=12;70;12
5;2021-05-17 14:30:00;BPE-C2-PLA;3,7892;3,8147;3,8391;t=70 °C pH=12;70;12
5;2021-05-17 16:30:00;BPE-RP-PLA;1,7675;1,7628;1,7678;t=70 °C pH=12;70;12
5;2021-05-17 16:30:00;BPE-C1-PLA;1,5598;1,6211;1,6293;t=70 °C pH=12;70;12
5;2021-05-17 16:30:00;BPE-C2-PLA;3,7909;3,8165;3,8409;t=70 °C pH=12;70;12
5;2021-05-18 08:30:00;BPE-RP-PLA;1,7695;1,7670;1,7715;t=70 °C pH=12;70;12
5;2021-05-18 08:30:00;BPE-C1-PLA;1,5454;1,6186;1,6143;t=70 °C pH=12;70;12
5;2021-05-18 08:30:00;BPE-C2-PLA;3,7848;3,8095;3,8378;t=70 °C pH=12;70;12
5;2021-05-18 12:30:00;BPE-RP-PLA;1,7543;1,7645;1,7683;t=70 °C pH=12;70;12
5;2021-05-18 12:30:00;BPE-C1-PLA;1,5457;1,6162;1,6117;t=70 °C pH=12;70;12
5;2021-05-18 12:30:00;BPE-C2-PLA;3,7810;3,8073;3,8354;t=70 °C pH=12;70;12
5;2021-05-18 16:30:00;BPE-RP-PLA;1,7564;1,7638;1,7662;t=70 °C pH=12;70;12
5;2021-05-18 16:30:00;BPE-C1-PLA;1,5439;1,6148;1,6121;t=70 °C pH=12;70;12
5;2021-05-18 16:30:00;BPE-C2-PLA;3,7766;3,8042;3,8330;t=70 °C pH=12;70;12
5;2021-05-19 08:30:00;BPE-RP-PLA;1,7555;1,7643;1,7686;t=70 °C pH=12;70;12
5;2021-05-19 08:30:00;BPE-C1-PLA;1,5467;1,5998;1,6082;t=70 °C pH=12;70;12
5;2021-05-19 08:30:00;BPE-C2-PLA;3,7638;3,7954;3,8292;t=70 °C pH=12;70;12
5;2021-05-19 16:30:00;BPE-RP-PLA;1,7500;1,7347;1,7706;t=70 °C pH=12;70;12
5;2021-05-19 16:30:00;BPE-C1-PLA;1,5242;1,5955;1,6025;t=70 °C pH=12;70;12
5;2021-05-19 16:30:00;BPE-C2-PLA;3,7587;3,7975;3,8235;t=70 °C pH=12;70;12
5;2021-05-20 08:30:00;BPE-RP-PLA;1,7674;1,7630;1,7681;t=70 °C pH=12;70;12
5;2021-05-20 08:30:00;BPE-C1-PLA;1,5244;1,5881;1,5969;t=70 °C pH=12;70;12
5;2021-05-20 08:30:00;BPE-C2-PLA;3,7501;3,7741;3,8123;t=70 °C pH=12;70;12
5;2021-05-21 08:30:00;BPE-RP-PLA;1,7686;1,7618;1,7635;t=70 °C pH=12;70;12
5;2021-05-21 08:30:00;BPE-C1-PLA;1,5236;1,5812;1,5887;t=70 °C pH=12;70;12
5;2021-05-21 08:30:00;BPE-C2-PLA;3,7607;3,7856;3,8052;t=70 °C pH=12;70;12
6;2021-04-19 08:30:00;BPE-SP-PBS;1,5068;1,5073;1,5137;t=70 °C pH=5;70;5
6;2021-04-19 08:30:00;BPE-C1-PLA;1,6072;1,5980;1,5937;t=70 °C pH=5;70;5
6;2021-04-19 08:30:00;BPE-C2-PLA;3,7506;3,8045;3,7810;t=70 °C pH=5;70;5
6;2021-04-19 09:00:00;BPE-SP-PBS;1,5148;1,5149;1,5214;t=70 °C pH=5;70;5
6;2021-04-19 09:00:00;BPE-C1-PLA;1,6137;1,6043;1,5997;t=70 °C pH=5;70;5
6;2021-04-19 09:00:00;BPE-C2-PLA;3,7594;3,8136;3,7901;t=70 °C pH=5;70;5
6;2021-04-19 09:30:00;BPE-SP-PBS;1,5181;1,5185;1,5250;t=70 °C pH=5;70;5
6;2021-04-19 09:30:00;BPE-C1-PLA;1,6161;1,6066;1,6023;t=70 °C pH=5;70;5
6;2021-04-19 09:30:00;BPE-C2-PLA;3,7623;3,8165;3,7932;t=70 °C pH=5;70;5
6;2021-04-19 10:00:00;BPE-SP-PBS;1,5203;1,5207;1,5274;t=70 °C pH=5;70;5
6;2021-04-19 10:00:00;BPE-C1-PLA;1,6179;1,6085;1,6042;t=70 °C pH=5;70;5
6;2021-04-19 10:00:00;BPE-C2-PLA;3,7651;3,8195;3,7953;t=70 °C pH=5;70;5
6;2021-04-19 10:30:00;BPE-SP-PBS;1,5221;1,5225;1,5287;t=70 °C pH=5;70;5
6;2021-04-19 10:30:00;BPE-C1-PLA;1,6195;1,6098;1,6053;t=70 °C pH=5;70;5
6;2021-04-19 10:30:00;BPE-C2-PLA;3,7670;3,8212;3,7972;t=70 °C pH=5;70;5
6;2021-04-19 11:30:00;BPE-SP-PBS;1,5243;1,5247;1,5309;t=70 °C pH=5;70;5
6;2021-04-19 11:30:00;BPE-C1-PLA;1,6217;1,6119;1,6078;t=70 °C pH=5;70;5
6;2021-04-19 11:30:00;BPE-C2-PLA;3,7706;3,8242;3,8012;t=70 °C pH=5;70;5
6;2021-04-19 12:30:00;BPE-SP-PBS;1,5258;1,5260;1,5324;t=70 °C pH=5;70;5
6;2021-04-19 12:30:00;BPE-C1-PLA;1,6230;1,6133;1,6091;t=70 °C pH=5;70;5
6;2021-04-19 12:30:00;BPE-C2-PLA;3,7735;3,8275;3,8036;t=70 °C pH=5;70;5
6;2021-04-19 14:30:00;BPE-SP-PBS;1,5266;1,5272;1,5334;t=70 °C pH=5;70;5
6;2021-04-19 14:30:00;BPE-C1-PLA;1,6243;1,6149;1,6107;t=70 °C pH=5;70;5
6;2021-04-19 14:30:00;BPE-C2-PLA;3,7778;3,8319;3,8093;t=70 °C pH=5;70;5
6;2021-04-19 16:30:00;BPE-SP-PBS;1,5276;1,5282;1,5341;t=70 °C pH=5;70;5
6;2021-04-19 16:30:00;BPE-C1-PLA;1,6248;1,6155;1,6114;t=70 °C pH=5;70;5
6;2021-04-19 16:30:00;BPE-C2-PLA;3,7807;3,8362;3,8122;t=70 °C pH=5;70;5
6;2021-04-20 08:30:00;BPE-SP-PBS;1,5272;1,5274;1,5333;t=70 °C pH=5;70;5
6;2021-04-20 08:30:00;BPE-C1-PLA;1,6262;1,6165;1,6121;t=70 °C pH=5;70;5
6;2021-04-20 08:30:00;BPE-C2-PLA;3,7815;3,8464;3,8228;t=70 °C pH=5;70;5
6;2021-04-20 12:30:00;BPE-SP-PBS;1,5272;1,5273;1,5337;t=70 °C pH=5;70;5
6;2021-04-20 12:30:00;BPE-C1-PLA;1,6260;1,6163;1,6123;t=70 °C pH=5;70;5
6;2021-04-20 12:30:00;BPE-C2-PLA;3,7922;3,8474;3,8224;t=70 °C pH=5;70;5
6;2021-04-20 16:30:00;BPE-SP-PBS;1,5271;1,5275;1,5337;t=70 °C pH=5;70;5
6;2021-04-20 16:30:00;BPE-C1-PLA;1,6260;1,6163;1,6119;t=70 °C pH=5;70;5
6;2021-04-20 16:30:00;BPE-C2-PLA;3,7916;3,8465;3,8216;t=70 °C pH=5;70;5
6;2021-04-21 08:30:00;BPE-SP-PBS;1,5266;1,5275;1,5337;t=70 °C pH=5;70;5
6;2021-04-21 08:30:00;BPE-C1-PLA;1,6260;1,6160;1,6118;t=70 °C pH=5;70;5
6;2021-04-21 08:30:00;BPE-C2-PLA;3,7924;3,8472;3,8223;t=70 °C pH=5;70;5
6;2021-04-21 16:30:00;BPE-SP-PBS;1,5263;1,5272;1,5334;t=70 °C pH=5;70;5
6;2021-04-21 16:30:00;BPE-C1-PLA;1,6255;1,6161;1,6117;t=70 °C pH=5;70;5
6;2021-04-21 16:30:00;BPE-C2-PLA;3,7925;3,8474;3,8228;t=70 °C pH=5;70;5
6;2021-04-22 08:30:00;BPE-SP-PBS;1,5270;1,5272;1,5336;t=70 °C pH=5;70;5
6;2021-04-22 08:30:00;BPE-C1-PLA;1,6256;1,6161;1,6118;t=70 °C pH=5;70;5
6;2021-04-22 08:30:00;BPE-C2-PLA;3,7929;3,8479;3,8228;t=70 °C pH=5;70;5
6;2021-04-23 08:30:00;BPE-SP-PBS;1,5268;1,5273;1,5337;t=70 °C pH=5;70;5
6;2021-04-23 08:30:00;BPE-C1-PLA;1,6258;1,6167;1,6119;t=70 °C pH=5;70;5
6;2021-04-23 08:30:00;BPE-C2-PLA;3,7939;3,8489;3,8234;t=70 °C pH=5;70;5
7;2021-05-17 08:30:00;BPE-SP-PBS;1,5242;1,5197;1,5094;t=70 °C pH=7,5;70;7,5
7;2021-05-17 08:30:00;BPE-C1-PLA;1,6093;1,6030;1,5906;t=70 °C pH=7,5;70;7,5
7;2021-05-17 08:30:00;BPE-C2-PLA;3,7861;3,7526;3,8034;t=70 °C pH=7,5;70;7,5
7;2021-05-17 09:00:00;BPE-SP-PBS;1,5343;1,5294;1,5191;t=70 °C pH=7,5;70;7,5
7;2021-05-17 09:00:00;BPE-C1-PLA;1,6171;1,6114;1,6002;t=70 °C pH=7,5;70;7,5
7;2021-05-17 09:00:00;BPE-C2-PLA;3,7974;3,7637;3,8151;t=70 °C pH=7,5;70;7,5
7;2021-05-17 09:30:00;BPE-SP-PBS;1,5365;1,5318;1,5209;t=70 °C pH=7,5;70;7,5
7;2021-05-17 09:30:00;BPE-C1-PLA;1,6188;1,6122;1,6004;t=70 °C pH=7,5;70;7,5
7;2021-05-17 09:30:00;BPE-C2-PLA;3,7995;3,7658;3,8180;t=70 °C pH=7,5;70;7,5
7;2021-05-17 10:00:00;BPE-SP-PBS;1,5385;1,5336;1,5230;t=70 °C pH=7,5;70;7,5
7;2021-05-17 10:00:00;BPE-C1-PLA;1,6206;1,6139;1,6015;t=70 °C pH=7,5;70;7,5
7;2021-05-17 10:00:00;BPE-C2-PLA;3,8020;3,7681;3,8195;t=70 °C pH=7,5;70;7,5
7;2021-05-17 10:30:00;BPE-SP-PBS;1,5405;1,5352;1,5243;t=70 °C pH=7,5;70;7,5
7;2021-05-17 10:30:00;BPE-C1-PLA;1,6216;1,6152;1,6030;t=70 °C pH=7,5;70;7,5
7;2021-05-17 10:30:00;BPE-C2-PLA;3,8040;3,7699;3,8212;t=70 °C pH=7,5;70;7,5
7;2021-05-17 11:30:00;BPE-SP-PBS;1,5420;1,5369;1,5267;t=70 °C pH=7,5;70;7,5
7;2021-05-17 11:30:00;BPE-C1-PLA;1,6230;1,6173;1,6037;t=70 °C pH=7,5;70;7,5
7;2021-05-17 11:30:00;BPE-C2-PLA;3,8053;3,7722;3,8251;t=70 °C pH=7,5;70;7,5
7;2021-05-17 12:30:00;BPE-SP-PBS;1,5430;1,5381;1,5274;t=70 °C pH=7,5;70;7,5
7;2021-05-17 12:30:00;BPE-C1-PLA;1,6247;1,6180;1,6038;t=70 °C pH=7,5;70;7,5
7;2021-05-17 12:30:00;BPE-C2-PLA;3,8089;3,7754;3,8268;t=70 °C pH=7,5;70;7,5
7;2021-05-17 14:30:00;BPE-SP-PBS;1,5439;1,5391;1,5285;t=70 °C pH=7,5;70;7,5
7;2021-05-17 14:30:00;BPE-C1-PLA;1,6259;1,6191;1,6066;t=70 °C pH=7,5;70;7,5
7;2021-05-17 14:30:00;BPE-C2-PLA;3,8122;3,7792;3,8304;t=70 °C pH=7,5;70;7,5
7;2021-05-17 16:30:00;BPE-SP-PBS;1,5442;1,5396;1,5293;t=70 °C pH=7,5;70;7,5
7;2021-05-17 16:30:00;BPE-C1-PLA;1,6266;1,6197;1,6077;t=70 °C pH=7,5;70;7,5
7;2021-05-17 16:30:00;BPE-C2-PLA;3,8160;3,7820;3,8331;t=70 °C pH=7,5;70;7,5
7;2021-05-18 08:30:00;BPE-SP-PBS;1,5436;1,5390;1,5284;t=70 °C pH=7,5;70;7,5
7;2021-05-18 08:30:00;BPE-C1-PLA;1,6273;1,6202;1,6078;t=70 °C pH=7,5;70;7,5
7;2021-05-18 08:30:00;BPE-C2-PLA;3,8254;3,7908;3,8426;t=70 °C pH=7,5;70;7,5
7;2021-05-18 12:30:00;BPE-SP-PBS;1,5436;1,5387;1,5284;t=70 °C pH=7,5;70;7,5
7;2021-05-18 12:30:00;BPE-C1-PLA;1,6271;1,6203;1,6078;t=70 °C pH=7,5;70;7,5
7;2021-05-18 12:30:00;BPE-C2-PLA;3,8254;3,7905;3,8425;t=70 °C pH=7,5;70;7,5
7;2021-05-18 16:30:00;BPE-SP-PBS;1,5436;1,5388;1,5285;t=70 °C pH=7,5;70;7,5
7;2021-05-18 16:30:00;BPE-C1-PLA;1,6271;1,6204;1,6094;t=70 °C pH=7,5;70;7,5
7;2021-05-18 16:30:00;BPE-C2-PLA;3,8254;3,7910;3,8423;t=70 °C pH=7,5;70;7,5
7;2021-05-19 08:30:00;BPE-SP-PBS;1,5429;1,5386;1,5279;t=70 °C pH=7,5;70;7,5
7;2021-05-19 08:30:00;BPE-C1-PLA;1,6268;1,6196;1,6083;t=70 °C pH=7,5;70;7,5
7;2021-05-19 08:30:00;BPE-C2-PLA;3,8263;3,7909;3,8427;t=70 °C pH=7,5;70;7,5
7;2021-05-19 16:30:00;BPE-SP-PBS;1,5430;1,5382;1,5281;t=70 °C pH=7,5;70;7,5
7;2021-05-19 16:30:00;BPE-C1-PLA;1,6264;1,6192;1,6072;t=70 °C pH=7,5;70;7,5
7;2021-05-19 16:30:00;BPE-C2-PLA;3,8258;3,7909;3,8428;t=70 °C pH=7,5;70;7,5
7;2021-05-20 08:30:00;BPE-SP-PBS;1,5426;1,5379;1,5276;t=70 °C pH=7,5;70;7,5
7;2021-05-20 08:30:00;BPE-C1-PLA;1,6259;1,6180;1,6064;t=70 °C pH=7,5;70;7,5
7;2021-05-20 08:30:00;BPE-C2-PLA;3,8256;3,7904;3,8422;t=70 °C pH=7,5;70;7,5
7;2021-05-21 08:30:00;BPE-SP-PBS;1,5424;1,5381;1,5277;t=70 °C pH=7,5;70;7,5
7;2021-05-21 08:30:00;BPE-C1-PLA;1,6251;1,6183;1,6061;t=70 °C pH=7,5;70;7,5
7;2021-05-21 08:30:00;BPE-C2-PLA;3,8253;3,7907;3,8446;t=70 °C pH=7,5;70;7,5
8;2021-04-12 08:30:00;BPE-SP-PBS;1,5125;1,4732;1,4500;t=70 °C - 20% alcool;70;alc
8;2021-04-12 08:30:00;BPE-C1-PLA;1,6055;1,5820;1,5900;t=70 °C - 20% alcool;70;alc
8;2021-04-12 08:30:00;BPE-C2-PLA;3,8006;3,7936;3,7806;t=70 °C - 20% alcool;70;alc
8;2021-04-12 09:00:00;BPE-SP-PBS;1,5317;1,4911;1,4678;t=70 °C - 20% alcool;70;alc
8;2021-04-12 09:00:00;BPE-C1-PLA;1,5937;1,6018;1,6180;t=70 °C - 20% alcool;70;alc
8;2021-04-12 09:00:00;BPE-C2-PLA;3,8167;3,8092;3,7968;t=70 °C - 20% alcool;70;alc
8;2021-04-12 09:30:00;BPE-SP-PBS;1,5377;1,4970;1,4747;t=70 °C - 20% alcool;70;alc
8;2021-04-12 09:30:00;BPE-C1-PLA;1,5971;1,6045;1,6207;t=70 °C - 20% alcool;70;alc
8;2021-04-12 09:30:00;BPE-C2-PLA;3,8212;3,8140;3,8012;t=70 °C - 20% alcool;70;alc
8;2021-04-12 10:00:00;BPE-SP-PBS;1,5427;1,5022;1,4798;t=70 °C - 20% alcool;70;alc
8;2021-04-12 10:00:00;BPE-C1-PLA;1,6000;1,6077;1,6240;t=70 °C - 20% alcool;70;alc
8;2021-04-12 10:00:00;BPE-C2-PLA;3,8249;3,8185;3,8061;t=70 °C - 20% alcool;70;alc
8;2021-04-12 10:30:00;BPE-SP-PBS;1,5467;1,5061;1,4829;t=70 °C - 20% alcool;70;alc
8;2021-04-12 10:30:00;BPE-C1-PLA;1,6021;1,6094;1,6263;t=70 °C - 20% alcool;70;alc
8;2021-04-12 10:30:00;BPE-C2-PLA;3,8286;3,8120;3,8081;t=70 °C - 20% alcool;70;alc
8;2021-04-12 11:30:00;BPE-SP-PBS;1,5529;1,5152;1,4898;t=70 °C - 20% alcool;70;alc
8;2021-04-12 11:30:00;BPE-C1-PLA;1,6058;1,6138;1,6303;t=70 °C - 20% alcool;70;alc
8;2021-04-12 11:30:00;BPE-C2-PLA;3,8338;3,8271;3,8143;t=70 °C - 20% alcool;70;alc
8;2021-04-12 14:30:00;BPE-SP-PBS;1,5651;1,5242;1,5011;t=70 °C - 20% alcool;70;alc
8;2021-04-12 14:30:00;BPE-C1-PLA;1,6124;1,6204;1,6366;t=70 °C - 20% alcool;70;alc
8;2021-04-12 14:30:00;BPE-C2-PLA;3,8460;3,8396;3,8265;t=70 °C - 20% alcool;70;alc
8;2021-04-12 16:30:00;BPE-SP-PBS;1,5683;1,5276;1,5034;t=70 °C - 20% alcool;70;alc
8;2021-04-12 16:30:00;BPE-C1-PLA;1,6148;1,6228;1,6402;t=70 °C - 20% alcool;70;alc
8;2021-04-12 16:30:00;BPE-C2-PLA;3,8516;3,8450;3,8319;t=70 °C - 20% alcool;70;alc
8;2021-04-13 08:30:00;BPE-SP-PBS;1,5706;1,5324;1,5069;t=70 °C - 20% alcool;70;alc
8;2021-04-13 08:30:00;BPE-C1-PLA;1,6228;1,6303;1,6474;t=70 °C - 20% alcool;70;alc
8;2021-04-13 08:30:00;BPE-C2-PLA;3,8751;3,8679;3,8546;t=70 °C - 20% alcool;70;alc
8;2021-04-13 12:30:00;BPE-SP-PBS;1,5704;1,5323;1,5064;t=70 °C - 20% alcool;70;alc
8;2021-04-13 12:30:00;BPE-C1-PLA;1,6226;1,6305;1,6470;t=70 °C - 20% alcool;70;alc
8;2021-04-13 12:30:00;BPE-C2-PLA;3,8777;3,8701;3,8578;t=70 °C - 20% alcool;70;alc
8;2021-04-13 16:30:00;BPE-SP-PBS;1,5705;1,5324;1,5059;t=70 °C - 20% alcool;70;alc
8;2021-04-13 16:30:00;BPE-C1-PLA;1,6221;1,6303;1,6470;t=70 °C - 20% alcool;70;alc
8;2021-04-13 16:30:00;BPE-C2-PLA;3,8799;3,8727;3,8595;t=70 °C - 20% alcool;70;alc
8;2021-04-14 08:30:00;BPE-SP-PBS;1,5697;1,5309;1,5047;t=70 °C - 20% alcool;70;alc
8;2021-04-14 08:30:00;BPE-C1-PLA;1,6216;1,6292;1,6457;t=70 °C - 20% alcool;70;alc
8;2021-04-14 08:30:00;BPE-C2-PLA;3,8858;3,8794;3,8667;t=70 °C - 20% alcool;70;alc
8;2021-04-14 16:30:00;BPE-SP-PBS;1,5690;1,5301;1,5050;t=70 °C - 20% alcool;70;alc
8;2021-04-14 16:30:00;BPE-C1-PLA;1,6216;1,6294;1,6464;t=70 °C - 20% alcool;70;alc
8;2021-04-14 16:30:00;BPE-C2-PLA;3,8882;3,8810;3,8680;t=70 °C - 20% alcool;70;alc
8;2021-04-15 08:30:00;BPE-SP-PBS;1,5689;1,5304;1,5043;t=70 °C - 20% alcool;70;alc
8;2021-04-15 08:30:00;BPE-C1-PLA;1,6211;1,6288;1,6460;t=70 °C - 20% alcool;70;alc
8;2021-04-15 08:30:00;BPE-C2-PLA;3,8913;3,8837;3,8703;t=70 °C - 20% alcool;70;alc
8;2021-04-16 08:30:00;BPE-SP-PBS;1,5686;1,5310;1,5047;t=70 °C - 20% alcool;70;alc
8;2021-04-16 08:30:00;BPE-C1-PLA;1,6210;1,6290;1,6458;t=70 °C - 20% alcool;70;alc
8;2021-04-16 08:30:00;BPE-C2-PLA;3,8938;3,8866;3,8728;t=70 °C - 20% alcool;70;alc
9;2021-05-31 08:30:00;BPE-RP-PLA;1,7425;1,7532;1,7498;t=37 °C pH=3;37;3
9;2021-05-31 08:30:00;BPE-SP-PBS;1,5106;1,5388;1,5077;t=37 °C pH=3;37;3
9;2021-05-31 08:30:00;BPE-C1-PLA;1,6061;1,6066;1,6056;t=37 °C pH=3;37;3
9;2021-05-31 08:30:00;BPE-C2-PLA;3,7950;3,8254;3,8089;t=37 °C pH=3;37;3
9;2021-05-31 09:00:00;BPE-RP-PLA;1,7447;1,7550;1,7515;t=37 °C pH=3;37;3
9;2021-05-31 09:00:00;BPE-SP-PBS;1,5126;1,5413;1,5102;t=37 °C pH=3;37;3
9;2021-05-31 09:00:00;BPE-C1-PLA;1,6083;1,6086;1,6079;t=37 °C pH=3;37;3
9;2021-05-31 09:00:00;BPE-C2-PLA;3,7992;3,8303;3,8124;t=37 °C pH=3;37;3
9;2021-05-31 09:30:00;BPE-RP-PLA;1,7448;1,7554;1,7524;t=37 °C pH=3;37;3
9;2021-05-31 09:30:00;BPE-SP-PBS;1,5134;1,5421;1,5107;t=37 °C pH=3;37;3
9;2021-05-31 09:30:00;BPE-C1-PLA;1,6091;1,6094;1,6087;t=37 °C pH=3;37;3
9;2021-05-31 09:30:00;BPE-C2-PLA;3,8000;3,8306;3,8140;t=37 °C pH=3;37;3
9;2021-05-31 10:30:00;BPE-RP-PLA;1,7458;1,7559;1,7531;t=37 °C pH=3;37;3
9;2021-05-31 10:30:00;BPE-SP-PBS;1,5146;1,5431;1,5117;t=37 °C pH=3;37;3
9;2021-05-31 10:30:00;BPE-C1-PLA;1,6101;1,6102;1,6097;t=37 °C pH=3;37;3
9;2021-05-31 10:30:00;BPE-C2-PLA;3,8010;3,8320;3,8147;t=37 °C pH=3;37;3
9;2021-05-31 11:30:00;BPE-RP-PLA;1,7460;1,7568;1,7528;t=37 °C pH=3;37;3
9;2021-05-31 11:30:00;BPE-SP-PBS;1,5143;1,5448;1,5128;t=37 °C pH=3;37;3
9;2021-05-31 11:30:00;BPE-C1-PLA;1,6108;1,6110;1,6104;t=37 °C pH=3;37;3
9;2021-05-31 11:30:00;BPE-C2-PLA;3,8021;3,8323;3,8161;t=37 °C pH=3;37;3
9;2021-05-31 12:30:00;BPE-RP-PLA;1,7468;1,7570;1,7541;t=37 °C pH=3;37;3
9;2021-05-31 12:30:00;BPE-SP-PBS;1,5161;1,5449;1,5134;t=37 °C pH=3;37;3
9;2021-05-31 12:30:00;BPE-C1-PLA;1,6107;1,6121;1,6109;t=37 °C pH=3;37;3
9;2021-05-31 12:30:00;BPE-C2-PLA;3,8024;3,8333;3,8161;t=37 °C pH=3;37;3
9;2021-05-31 14:30:00;BPE-RP-PLA;1,7472;1,7592;1,7549;t=37 °C pH=3;37;3
9;2021-05-31 14:30:00;BPE-SP-PBS;1,5166;1,5455;1,5139;t=37 °C pH=3;37;3
9;2021-05-31 14:30:00;BPE-C1-PLA;1,6116;1,6123;1,6115;t=37 °C pH=3;37;3
9;2021-05-31 14:30:00;BPE-C2-PLA;3,8042;3,8351;3,8176;t=37 °C pH=3;37;3
9;2021-05-31 16:30:00;BPE-RP-PLA;1,7485;1,7591;1,7559;t=37 °C pH=3;37;3
9;2021-05-31 16:30:00;BPE-SP-PBS;1,5180;1,5463;1,5153;t=37 °C pH=3;37;3
9;2021-05-31 16:30:00;BPE-C1-PLA;1,6138;1,6131;1,6127;t=37 °C pH=3;37;3
9;2021-05-31 16:30:00;BPE-C2-PLA;3,8054;3,8356;3,8186;t=37 °C pH=3;37;3
9;2021-06-01 08:30:00;BPE-RP-PLA;1,7519;1,7624;1,7595;t=37 °C pH=3;37;3
9;2021-06-01 08:30:00;BPE-SP-PBS;1,5209;1,5493;1,5182;t=37 °C pH=3;37;3
9;2021-06-01 08:30:00;BPE-C1-PLA;1,6175;1,6169;1,6158;t=37 °C pH=3;37;3
9;2021-06-01 08:30:00;BPE-C2-PLA;3,8123;3,8420;3,8246;t=37 °C pH=3;37;3
9;2021-06-01 12:30:00;BPE-RP-PLA;1,7522;1,7627;1,7602;t=37 °C pH=3;37;3
9;2021-06-01 12:30:00;BPE-SP-PBS;1,5212;1,5497;1,5181;t=37 °C pH=3;37;3
9;2021-06-01 12:30:00;BPE-C1-PLA;1,6181;1,6169;1,6163;t=37 °C pH=3;37;3
9;2021-06-01 12:30:00;BPE-C2-PLA;3,8125;3,8430;3,8253;t=37 °C pH=3;37;3
9;2021-06-01 16:30:00;BPE-RP-PLA;1,7529;1,7633;1,7603;t=37 °C pH=3;37;3
9;2021-06-01 16:30:00;BPE-SP-PBS;1,5211;1,5499;1,5185;t=37 °C pH=3;37;3
9;2021-06-01 16:30:00;BPE-C1-PLA;1,6188;1,6174;1,6167;t=37 °C pH=3;37;3
9;2021-06-01 16:30:00;BPE-C2-PLA;3,8130;3,8440;3,8269;t=37 °C pH=3;37;3
9;2021-06-03 08:30:00;BPE-RP-PLA;1,7563;1,7670;1,7640;t=37 °C pH=3;37;3
9;2021-06-03 08:30:00;BPE-SP-PBS;1,5220;1,5507;1,5192;t=37 °C pH=3;37;3
9;2021-06-03 08:30:00;BPE-C1-PLA;1,6222;1,6199;1,6193;t=37 °C pH=3;37;3
9;2021-06-03 08:30:00;BPE-C2-PLA;3,8194;3,8520;3,8332;t=37 °C pH=3;37;3
9;2021-06-03 16:30:00;BPE-RP-PLA;1,7567;1,7673;1,7641;t=37 °C pH=3;37;3
9;2021-06-03 16:30:00;BPE-SP-PBS;1,5220;1,5507;1,5192;t=37 °C pH=3;37;3
9;2021-06-03 16:30:00;BPE-C1-PLA;1,6226;1,6200;1,6194;t=37 °C pH=3;37;3
9;2021-06-03 16:30:00;BPE-C2-PLA;3,8205;3,8519;3,8337;t=37 °C pH=3;37;3
9;2021-06-04 08:30:00;BPE-RP-PLA;1,7574;1,7683;1,7654;t=37 °C pH=3;37;3
9;2021-06-04 08:30:00;BPE-SP-PBS;1,5221;1,5507;1,5192;t=37 °C pH=3;37;3
9;2021-06-04 08:30:00;BPE-C1-PLA;1,6237;1,6210;1,6206;t=37 °C pH=3;37;3
9;2021-06-04 08:30:00;BPE-C2-PLA;3,8219;3,8537;3,8356;t=37 °C pH=3;37;3
9;2021-06-04 16:30:00;BPE-RP-PLA;1,7591;1,7688;1,7660;t=37 °C pH=3;37;3
9;2021-06-04 16:30:00;BPE-SP-PBS;1,5222;1,5506;1,5193;t=37 °C pH=3;37;3
9;2021-06-04 16:30:00;BPE-C1-PLA;1,6241;1,6209;1,6206;t=37 °C pH=3;37;3
9;2021-06-04 16:30:00;BPE-C2-PLA;3,8226;3,8543;3,8363;t=37 °C pH=3;37;3
9;2021-06-07 08:30:00;BPE-RP-PLA;1,7613;1,7721;1,7692;t=37 °C pH=3;37;3
9;2021-06-07 08:30:00;BPE-SP-PBS;1,5220;1,5508;1,5192;t=37 °C pH=3;37;3
9;2021-06-07 08:30:00;BPE-C1-PLA;1,6259;1,6224;1,6223;t=37 °C pH=3;37;3
9;2021-06-07 08:30:00;BPE-C2-PLA;3,8270;3,8591;3,8400;t=37 °C pH=3;37;3
9;2021-06-08 08:30:00;BPE-RP-PLA;1,7627;1,7734;1,7704;t=37 °C pH=3;37;3
9;2021-06-08 08:30:00;BPE-SP-PBS;1,5220;1,5510;1,5191;t=37 °C pH=3;37;3
9;2021-06-08 08:30:00;BPE-C1-PLA;1,6266;1,6230;1,6222;t=37 °C pH=3;37;3
9;2021-06-08 08:30:00;BPE-C2-PLA;3,8279;3,8604;3,8409;t=37 °C pH=3;37;3
9;2021-06-09 08:30:00;BPE-RP-PLA;1,7633;1,7747;1,7714;t=37 °C pH=3;37;3
9;2021-06-09 08:30:00;BPE-SP-PBS;1,5219;1,5507;1,5192;t=37 °C pH=3;37;3
9;2021-06-09 08:30:00;BPE-C1-PLA;1,6268;1,6232;1,6223;t=37 °C pH=3;37;3
9;2021-06-09 08:30:00;BPE-C2-PLA;3,8289;3,8628;3,8421;t=37 °C pH=3;37;3
9;2021-06-10 08:30:00;BPE-RP-PLA;1,7648;1,7765;1,7726;t=37 °C pH=3;37;3
9;2021-06-10 08:30:00;BPE-SP-PBS;1,5223;1,5508;1,5193;t=37 °C pH=3;37;3
9;2021-06-10 08:30:00;BPE-C1-PLA;1,6272;1,6236;1,6231;t=37 °C pH=3;37;3
9;2021-06-10 08:30:00;BPE-C2-PLA;3,8294;3,8627;3,8430;t=37 °C pH=3;37;3
9;2021-06-11 08:30:00;BPE-RP-PLA;1,7665;1,7774;1,7740;t=37 °C pH=3;37;3
9;2021-06-11 08:30:00;BPE-SP-PBS;1,5223;1,5509;1,5193;t=37 °C pH=3;37;3
9;2021-06-11 08:30:00;BPE-C1-PLA;1,6280;1,6240;1,6259;t=37 °C pH=3;37;3
9;2021-06-11 08:30:00;BPE-C2-PLA;3,8308;3,8634;3,8442;t=37 °C pH=3;37;3
9;2021-06-14 08:30:00;BPE-RP-PLA;1,7703;1,7814;1,7780;t=37 °C pH=3;37;3
9;2021-06-14 08:30:00;BPE-SP-PBS;1,5221;1,5508;1,5192;t=37 °C pH=3;37;3
9;2021-06-14 08:30:00;BPE-C1-PLA;1,6285;1,6246;1,6239;t=37 °C pH=3;37;3
9;2021-06-14 08:30:00;BPE-C2-PLA;3,8329;3,8658;3,8466;t=37 °C pH=3;37;3
9;2021-06-16 08:30:00;BPE-RP-PLA;1,7733;1,7837;1,7806;t=37 °C pH=3;37;3
9;2021-06-16 08:30:00;BPE-SP-PBS;1,5219;1,5506;1,5191;t=37 °C pH=3;37;3
9;2021-06-16 08:30:00;BPE-C1-PLA;1,6289;1,6258;1,6241;t=37 °C pH=3;37;3
9;2021-06-16 08:30:00;BPE-C2-PLA;3,8334;3,8670;3,8470;t=37 °C pH=3;37;3
9;2021-06-18 08:30:00;BPE-RP-PLA;1,7773;1,7878;1,7836;t=37 °C pH=3;37;3
9;2021-06-18 08:30:00;BPE-SP-PBS;1,5219;1,5508;1,5195;t=37 °C pH=3;37;3
9;2021-06-18 08:30:00;BPE-C1-PLA;1,6295;1,6250;1,6244;t=37 °C pH=3;37;3
9;2021-06-18 08:30:00;BPE-C2-PLA;3,8346;3,8678;3,8477;t=37 °C pH=3;37;3
9;2021-06-21 08:30:00;BPE-RP-PLA;1,7849;1,7939;1,7900;t=37 °C pH=3;37;3
9;2021-06-21 08:30:00;BPE-SP-PBS;1,5219;1,5512;1,5192;t=37 °C pH=3;37;3
9;2021-06-21 08:30:00;BPE-C1-PLA;1,6297;1,6257;1,6256;t=37 °C pH=3;37;3
9;2021-06-21 08:30:00;BPE-C2-PLA;3,8357;3,8695;3,8488;t=37 °C pH=3;37;3
9;2021-06-22 08:30:00;BPE-RP-PLA;1,7856;1,7957;1,7924;t=37 °C pH=3;37;3
9;2021-06-22 08:30:00;BPE-SP-PBS;1,5219;1,5508;1,5192;t=37 °C pH=3;37;3
9;2021-06-22 08:30:00;BPE-C1-PLA;1,6300;1,6257;1,6256;t=37 °C pH=3;37;3
9;2021-06-22 08:30:00;BPE-C2-PLA;3,8366;3,8699;3,8494;t=37 °C pH=3;37;3
9;2021-06-23 08:30:00;BPE-RP-PLA;1,7881;1,7993;1,7949;t=37 °C pH=3;37;3
9;2021-06-23 08:30:00;BPE-C2-PLA;3,8372;3,8696;3,8490;t=37 °C pH=3;37;3
9;2021-06-28 08:30:00;BPE-RP-PLA;1,7970;1,8085;1,8052;t=37 °C pH=3;37;3
9;2021-06-28 08:30:00;BPE-C2-PLA;3,8378;3,8709;3,8511;t=37 °C pH=3;37;3
9;2021-07-02 08:30:00;BPE-RP-PLA;1,8037;1,8164;1,8115;t=37 °C pH=3;37;3
9;2021-07-02 08:30:00;BPE-C2-PLA;3,8389;3,8718;3,8516;t=37 °C pH=3;37;3
9;2021-07-06 08:30:00;BPE-RP-PLA;1,8095;1,8239;1,8192;t=37 °C pH=3;37;3
9;2021-07-06 08:30:00;BPE-C2-PLA;3,8399;3,8726;3,8524;t=37 °C pH=3;37;3
9;2021-07-09 08:30:00;BPE-RP-PLA;1,8136;1,8302;1,8238;t=37 °C pH=3;37;3
9;2021-07-09 08:30:00;BPE-C2-PLA;3,8399;3,8729;3,8528;t=37 °C pH=3;37;3
9;2021-07-13 08:30:00;BPE-RP-PLA;1,8207;1,8407;1,8305;t=37 °C pH=3;37;3
9;2021-07-13 08:30:00;BPE-C2-PLA;3,8428;3,8739;3,8539;t=37 °C pH=3;37;3
9;2021-07-14 08:30:00;BPE-RP-PLA;1,8218;1,8438;1,8319;t=37 °C pH=3;37;3
9;2021-07-14 08:30:00;BPE-C2-PLA;3,8403;3,8741;3,8538;t=37 °C pH=3;37;3
9;2021-07-16 08:30:00;BPE-RP-PLA;1,8252;1,8500;1,8358;t=37 °C pH=3;37;3
9;2021-07-16 08:30:00;BPE-C2-PLA;3,8409;3,8742;3,8539;t=37 °C pH=3;37;3
9;2021-07-19 08:30:00;BPE-RP-PLA;1,8312;1,8618;1,8434;t=37 °C pH=3;37;3
9;2021-07-19 08:30:00;BPE-C2-PLA;3,8411;3,8743;3,8544;t=37 °C pH=3;37;3
9;2021-07-23 08:30:00;BPE-RP-PLA;1,8389;1,8748;1,8549;t=37 °C pH=3;37;3
9;2021-07-27 08:30:00;BPE-RP-PLA;1,8501;1,8916;1,8679;t=37 °C pH=3;37;3
9;2021-08-03 08:30:00;BPE-RP-PLA;1,8755;1,9213;1,8865;t=37 °C pH=3;37;3
9;2021-08-06 08:30:00;BPE-RP-PLA;1,8811;1,9244;1,8906;t=37 °C pH=3;37;3
9;2021-08-23 08:30:00;BPE-RP-PLA;1,9043;1,9600;1,9125;t=37 °C pH=3;37;3
10;2021-06-29 08:30:00;BPE-RP-PLA;1,7640;1,7452;1,7575;t=37 °C pH=5;37;5
10;2021-06-29 08:30:00;BPE-SP-PBS;1,5178;1,5237;1,5168;t=37 °C pH=5;37;5
10;2021-06-29 08:30:00;BPE-C1-PLA;1,5965;1,6125;1,6069;t=37 °C pH=5;37;5
10;2021-06-29 08:30:00;BPE-C2-PLA;3,8031;3,8069;3,7963;t=37 °C pH=5;37;5
10;2021-06-29 09:00:00;BPE-RP-PLA;1,7648;1,7457;1,7581;t=37 °C pH=5;37;5
10;2021-06-29 09:00:00;BPE-SP-PBS;1,5182;1,5242;1,5171;t=37 °C pH=5;37;5
10;2021-06-29 09:00:00;BPE-C1-PLA;1,5972;1,6132;1,6075;t=37 °C pH=5;37;5
10;2021-06-29 09:00:00;BPE-C2-PLA;3,8049;3,8096;3,7983;t=37 °C pH=5;37;5
10;2021-06-29 09:30:00;BPE-RP-PLA;1,7653;1,7464;1,7587;t=37 °C pH=5;37;5
10;2021-06-29 09:30:00;BPE-SP-PBS;1,5191;1,5251;1,5181;t=37 °C pH=5;37;5
10;2021-06-29 09:30:00;BPE-C1-PLA;1,5979;1,6138;1,6081;t=37 °C pH=5;37;5
10;2021-06-29 09:30:00;BPE-C2-PLA;3,8057;3,8097;3,7989;t=37 °C pH=5;37;5
10;2021-06-29 10:30:00;BPE-RP-PLA;1,7661;1,7473;1,7592;t=37 °C pH=5;37;5
10;2021-06-29 10:30:00;BPE-SP-PBS;1,5205;1,5261;1,5192;t=37 °C pH=5;37;5
10;2021-06-29 10:30:00;BPE-C1-PLA;1,5989;1,6148;1,6092;t=37 °C pH=5;37;5
10;2021-06-29 10:30:00;BPE-C2-PLA;3,8074;3,8108;3,8002;t=37 °C pH=5;37;5
10;2021-06-29 11:30:00;BPE-RP-PLA;1,7669;1,7480;1,7601;t=37 °C pH=5;37;5
10;2021-06-29 11:30:00;BPE-SP-PBS;1,5209;1,5261;1,5199;t=37 °C pH=5;37;5
10;2021-06-29 11:30:00;BPE-C1-PLA;1,5994;1,6154;1,6095;t=37 °C pH=5;37;5
10;2021-06-29 11:30:00;BPE-C2-PLA;3,8080;3,8120;3,8009;t=37 °C pH=5;37;5
10;2021-06-29 12:30:00;BPE-RP-PLA;1,7673;1,7485;1,7606;t=37 °C pH=5;37;5
10;2021-06-29 12:30:00;BPE-SP-PBS;1,5216;1,5276;1,5205;t=37 °C pH=5;37;5
10;2021-06-29 12:30:00;BPE-C1-PLA;1,6001;1,6161;1,6103;t=37 °C pH=5;37;5
10;2021-06-29 12:30:00;BPE-C2-PLA;3,8088;3,8126;3,8018;t=37 °C pH=5;37;5
10;2021-06-29 14:30:00;BPE-RP-PLA;1,7683;1,7493;1,7614;t=37 °C pH=5;37;5
10;2021-06-29 14:30:00;BPE-SP-PBS;1,5225;1,5286;1,5216;t=37 °C pH=5;37;5
10;2021-06-29 14:30:00;BPE-C1-PLA;1,6009;1,6170;1,6112;t=37 °C pH=5;37;5
10;2021-06-29 14:30:00;BPE-C2-PLA;3,8101;3,8139;3,8031;t=37 °C pH=5;37;5
10;2021-06-29 16:30:00;BPE-RP-PLA;1,7688;1,7498;1,7621;t=37 °C pH=5;37;5
10;2021-06-29 16:30:00;BPE-SP-PBS;1,5233;1,5294;1,5224;t=37 °C pH=5;37;5
10;2021-06-29 16:30:00;BPE-C1-PLA;1,6017;1,6178;1,6119;t=37 °C pH=5;37;5
10;2021-06-29 16:30:00;BPE-C2-PLA;3,8110;3,8150;3,8042;t=37 °C pH=5;37;5
10;2021-06-30 08:30:00;BPE-RP-PLA;1,7719;1,7533;1,7654;t=37 °C pH=5;37;5
10;2021-06-30 08:30:00;BPE-SP-PBS;1,5263;1,5325;1,5253;t=37 °C pH=5;37;5
10;2021-06-30 08:30:00;BPE-C1-PLA;1,6054;1,6217;1,6154;t=37 °C pH=5;37;5
10;2021-06-30 08:30:00;BPE-C2-PLA;3,8172;3,8210;3,8100;t=37 °C pH=5;37;5
10;2021-06-30 12:30:00;BPE-RP-PLA;1,7726;1,7535;1,7660;t=37 °C pH=5;37;5
10;2021-06-30 12:30:00;BPE-SP-PBS;1,5265;1,5326;1,5256;t=37 °C pH=5;37;5
10;2021-06-30 12:30:00;BPE-C1-PLA;1,6056;1,6220;1,6158;t=37 °C pH=5;37;5
10;2021-06-30 12:30:00;BPE-C2-PLA;3,8180;3,8221;3,8109;t=37 °C pH=5;37;5
10;2021-06-30 16:30:00;BPE-RP-PLA;1,7732;1,7539;1,7664;t=37 °C pH=5;37;5
10;2021-06-30 16:30:00;BPE-SP-PBS;1,5268;1,5329;1,5258;t=37 °C pH=5;37;5
10;2021-06-30 16:30:00;BPE-C1-PLA;1,6061;1,6224;1,6162;t=37 °C pH=5;37;5
10;2021-06-30 16:30:00;BPE-C2-PLA;3,8189;3,8231;3,8120;t=37 °C pH=5;37;5
10;2021-07-01 08:30:00;BPE-RP-PLA;1,7742;1,7557;1,7678;t=37 °C pH=5;37;5
10;2021-07-01 08:30:00;BPE-SP-PBS;1,5272;1,5333;1,5263;t=37 °C pH=5;37;5
10;2021-07-01 08:30:00;BPE-C1-PLA;1,6074;1,6241;1,6176;t=37 °C pH=5;37;5
10;2021-07-01 08:30:00;BPE-C2-PLA;3,8219;3,8259;3,8132;t=37 °C pH=5;37;5
10;2021-07-01 12:30:00;BPE-RP-PLA;1,7742;1,7557;1,7680;t=37 °C pH=5;37;5
10;2021-07-01 12:30:00;BPE-SP-PBS;1,5272;1,5333;1,5263;t=37 °C pH=5;37;5
10;2021-07-01 12:30:00;BPE-C1-PLA;1,6076;1,6241;1,6177;t=37 °C pH=5;37;5
10;2021-07-01 12:30:00;BPE-C2-PLA;3,8223;3,8265;3,8152;t=37 °C pH=5;37;5
10;2021-07-01 16:30:00;BPE-RP-PLA;1,7748;1,7559;1,7682;t=37 °C pH=5;37;5
10;2021-07-01 16:30:00;BPE-SP-PBS;1,5272;1,5333;1,5263;t=37 °C pH=5;37;5
10;2021-07-01 16:30:00;BPE-C1-PLA;1,6079;1,6243;1,6179;t=37 °C pH=5;37;5
10;2021-07-01 16:30:00;BPE-C2-PLA;3,8227;3,8270;3,8160;t=37 °C pH=5;37;5
10;2021-07-02 08:30:00;BPE-RP-PLA;1,7758;1,7571;1,7693;t=37 °C pH=5;37;5
10;2021-07-02 08:30:00;BPE-SP-PBS;1,5274;1,5334;1,5264;t=37 °C pH=5;37;5
10;2021-07-02 08:30:00;BPE-C1-PLA;1,6087;1,6252;1,6186;t=37 °C pH=5;37;5
10;2021-07-02 08:30:00;BPE-C2-PLA;3,8253;3,8292;3,8181;t=37 °C pH=5;37;5
10;2021-07-02 16:30:00;BPE-RP-PLA;1,7762;1,7575;1,7696;t=37 °C pH=5;37;5
10;2021-07-02 16:30:00;BPE-SP-PBS;1,5274;1,5336;1,5264;t=37 °C pH=5;37;5
10;2021-07-02 16:30:00;BPE-C1-PLA;1,6089;1,6255;1,6189;t=37 °C pH=5;37;5
10;2021-07-02 16:30:00;BPE-C2-PLA;3,8260;3,8301;3,8192;t=37 °C pH=5;37;5
10;2021-07-05 08:30:00;BPE-RP-PLA;1,7794;1,7599;1,7725;t=37 °C pH=5;37;5
10;2021-07-05 08:30:00;BPE-SP-PBS;1,5274;1,5336;1,5264;t=37 °C pH=5;37;5
10;2021-07-05 08:30:00;BPE-C1-PLA;1,6104;1,6273;1,6206;t=37 °C pH=5;37;5
10;2021-07-05 08:30:00;BPE-C2-PLA;3,8307;3,8350;3,8237;t=37 °C pH=5;37;5
10;2021-07-06 08:30:00;BPE-RP-PLA;1,7797;1,7616;1,7736;t=37 °C pH=5;37;5
10;2021-07-06 08:30:00;BPE-SP-PBS;1,5273;1,5333;1,5264;t=37 °C pH=5;37;5
10;2021-07-06 08:30:00;BPE-C1-PLA;1,6109;1,6282;1,6210;t=37 °C pH=5;37;5
10;2021-07-06 08:30:00;BPE-C2-PLA;3,8322;3,8361;3,8249;t=37 °C pH=5;37;5
10;2021-07-07 08:30:00;BPE-RP-PLA;1,7816;1,7632;1,7747;t=37 °C pH=5;37;5
10;2021-07-07 08:30:00;BPE-SP-PBS;1,5269;1,5335;1,5257;t=37 °C pH=5;37;5
10;2021-07-07 08:30:00;BPE-C1-PLA;1,6111;1,6284;1,6213;t=37 °C pH=5;37;5
10;2021-07-07 08:30:00;BPE-C2-PLA;3,8336;3,8376;3,8260;t=37 °C pH=5;37;5
10;2021-07-08 08:30:00;BPE-RP-PLA;1,7831;1,7639;1,7761;t=37 °C pH=5;37;5
10;2021-07-08 08:30:00;BPE-SP-PBS;1,5272;1,5331;1,5261;t=37 °C pH=5;37;5
10;2021-07-08 08:30:00;BPE-C1-PLA;1,6117;1,6288;1,6217;t=37 °C pH=5;37;5
10;2021-07-08 08:30:00;BPE-C2-PLA;3,8338;3,8382;3,8271;t=37 °C pH=5;37;5
10;2021-07-09 08:30:00;BPE-RP-PLA;1,7833;1,7649;1,7771;t=37 °C pH=5;37;5
10;2021-07-09 08:30:00;BPE-SP-PBS;1,5270;1,5331;1,5260;t=37 °C pH=5;37;5
10;2021-07-09 08:30:00;BPE-C1-PLA;1,6117;1,6288;1,6217;t=37 °C pH=5;37;5
10;2021-07-09 08:30:00;BPE-C2-PLA;3,8345;3,8392;3,8276;t=37 °C pH=5;37;5
10;2021-07-12 08:30:00;BPE-RP-PLA;1,7876;1,7692;1,7810;t=37 °C pH=5;37;5
10;2021-07-12 08:30:00;BPE-SP-PBS;1,5270;1,5331;1,5260;t=37 °C pH=5;37;5
10;2021-07-12 08:30:00;BPE-C1-PLA;1,6125;1,6296;1,6227;t=37 °C pH=5;37;5
10;2021-07-12 08:30:00;BPE-C2-PLA;3,8367;3,8413;3,8297;t=37 °C pH=5;37;5
10;2021-07-14 08:30:00;BPE-RP-PLA;1,7901;1,7719;1,7839;t=37 °C pH=5;37;5
10;2021-07-14 08:30:00;BPE-SP-PBS;1,5270;1,5330;1,5260;t=37 °C pH=5;37;5
10;2021-07-14 08:30:00;BPE-C1-PLA;1,6137;1,6303;1,6249;t=37 °C pH=5;37;5
10;2021-07-14 08:30:00;BPE-C2-PLA;3,8394;3,8423;3,8312;t=37 °C pH=5;37;5
10;2021-07-16 08:30:00;BPE-RP-PLA;1,7935;1,7749;1,7868;t=37 °C pH=5;37;5
10;2021-07-16 08:30:00;BPE-C1-PLA;1,6130;1,6299;1,6231;t=37 °C pH=5;37;5
10;2021-07-16 08:30:00;BPE-C2-PLA;3,8384;3,8429;3,8317;t=37 °C pH=5;37;5
10;2021-07-19 08:30:00;BPE-RP-PLA;1,7988;1,7805;1,7922;t=37 °C pH=5;37;5
10;2021-07-19 08:30:00;BPE-C1-PLA;1,6133;1,6303;1,6233;t=37 °C pH=5;37;5
10;2021-07-19 08:30:00;BPE-C2-PLA;3,8391;3,8442;3,8336;t=37 °C pH=5;37;5
10;2021-07-22 08:30:00;BPE-RP-PLA;1,8055;1,7868;1,7982;t=37 °C pH=5;37;5
10;2021-07-22 08:30:00;BPE-C2-PLA;3,8404;3,8450;3,8337;t=37 °C pH=5;37;5
10;2021-07-26 08:30:00;BPE-RP-PLA;1,8148;1,7958;1,8083;t=37 °C pH=5;37;5
10;2021-07-26 08:30:00;BPE-C2-PLA;3,8412;3,8460;3,8346;t=37 °C pH=5;37;5
10;2021-07-30 08:30:00;BPE-RP-PLA;1,8236;1,8051;1,8173;t=37 °C pH=5;37;5
10;2021-07-30 08:30:00;BPE-C2-PLA;3,8418;3,8468;3,8354;t=37 °C pH=5;37;5
10;2021-08-03 08:30:00;BPE-RP-PLA;1,8317;1,8138;1,8264;t=37 °C pH=5;37;5
10;2021-08-03 08:30:00;BPE-C2-PLA;3,8424;3,8475;3,8361;t=37 °C pH=5;37;5
10;2021-08-06 08:30:00;BPE-RP-PLA;1,8388;1,8192;1,8316;t=37 °C pH=5;37;5
10;2021-08-06 08:30:00;BPE-C2-PLA;3,8429;3,8479;3,8365;t=37 °C pH=5;37;5
10;2021-08-23 08:30:00;BPE-RP-PLA;1,8673;1,8464;1,8475;t=37 °C pH=5;37;5
11;2021-07-20 08:30:00;BPE-SP-PBS;1,5121;1,5138;1,5191;t=37 °C pH=7,5;37;7,5
11;2021-07-20 08:30:00;BPE-C1-PLA;1,6006;1,6015;1,5891;t=37 °C pH=7,5;37;7,5
11;2021-07-20 09:00:00;BPE-SP-PBS;1,5163;1,5168;1,5225;t=37 °C pH=7,5;37;7,5
11;2021-07-20 09:00:00;BPE-C1-PLA;1,6015;1,6023;1,5900;t=37 °C pH=7,5;37;7,5
11;2021-07-20 09:30:00;BPE-SP-PBS;1,5167;1,5174;1,5227;t=37 °C pH=7,5;37;7,5
11;2021-07-20 09:30:00;BPE-C1-PLA;1,6020;1,6029;1,5906;t=37 °C pH=7,5;37;7,5
11;2021-07-20 10:30:00;BPE-SP-PBS;1,5170;1,5184;1,5233;t=37 °C pH=7,5;37;7,5
11;2021-07-20 10:30:00;BPE-C1-PLA;1,6030;1,6038;1,5915;t=37 °C pH=7,5;37;7,5
11;2021-07-20 11:30:00;BPE-SP-PBS;1,5172;1,5193;1,5236;t=37 °C pH=7,5;37;7,5
11;2021-07-20 11:30:00;BPE-C1-PLA;1,6037;1,6044;1,5923;t=37 °C pH=7,5;37;7,5
11;2021-07-20 12:30:00;BPE-SP-PBS;1,5176;1,5198;1,5238;t=37 °C pH=7,5;37;7,5
11;2021-07-20 12:30:00;BPE-C1-PLA;1,6042;1,6049;1,5927;t=37 °C pH=7,5;37;7,5
11;2021-07-20 14:30:00;BPE-SP-PBS;1,5182;1,5209;1,5246;t=37 °C pH=7,5;37;7,5
11;2021-07-20 14:30:00;BPE-C1-PLA;1,6056;1,6058;1,5937;t=37 °C pH=7,5;37;7,5
11;2021-07-20 16:30:00;BPE-SP-PBS;1,5185;1,5216;1,5250;t=37 °C pH=7,5;37;7,5
11;2021-07-20 16:30:00;BPE-C1-PLA;1,6062;1,6070;1,5944;t=37 °C pH=7,5;37;7,5
11;2021-07-21 08:30:00;BPE-SP-PBS;1,5202;1,5245;1,5268;t=37 °C pH=7,5;37;7,5
11;2021-07-21 08:30:00;BPE-C1-PLA;1,6095;1,6103;1,5980;t=37 °C pH=7,5;37;7,5
11;2021-07-21 12:30:00;BPE-SP-PBS;1,5205;1,5248;1,5271;t=37 °C pH=7,5;37;7,5
11;2021-07-21 12:30:00;BPE-C1-PLA;1,6102;1,6110;1,5988;t=37 °C pH=7,5;37;7,5
11;2021-07-21 16:30:00;BPE-SP-PBS;1,5206;1,5254;1,5272;t=37 °C pH=7,5;37;7,5
11;2021-07-21 16:30:00;BPE-C1-PLA;1,6104;1,6113;1,5988;t=37 °C pH=7,5;37;7,5
11;2021-07-22 08:30:00;BPE-SP-PBS;1,5207;1,5255;1,5275;t=37 °C pH=7,5;37;7,5
11;2021-07-22 08:30:00;BPE-C1-PLA;1,6114;1,6124;1,6000;t=37 °C pH=7,5;37;7,5
11;2021-07-22 12:30:00;BPE-SP-PBS;1,5208;1,5256;1,5274;t=37 °C pH=7,5;37;7,5
11;2021-07-22 12:30:00;BPE-C1-PLA;1,6117;1,6128;1,6001;t=37 °C pH=7,5;37;7,5
11;2021-07-22 16:30:00;BPE-SP-PBS;1,5209;1,5256;1,5272;t=37 °C pH=7,5;37;7,5
11;2021-07-22 16:30:00;BPE-C1-PLA;1,6119;1,6128;1,6004;t=37 °C pH=7,5;37;7,5
11;2021-07-23 08:30:00;BPE-SP-PBS;1,5209;1,5257;1,5275;t=37 °C pH=7,5;37;7,5
11;2021-07-23 08:30:00;BPE-C1-PLA;1,6127;1,6136;1,6011;t=37 °C pH=7,5;37;7,5
11;2021-07-23 16:30:00;BPE-SP-PBS;1,5210;1,5257;1,5275;t=37 °C pH=7,5;37;7,5
11;2021-07-23 16:30:00;BPE-C1-PLA;1,6129;1,6140;1,6013;t=37 °C pH=7,5;37;7,5
11;2021-07-26 08:30:00;BPE-SP-PBS;1,5208;1,5257;1,5274;t=37 °C pH=7,5;37;7,5
11;2021-07-26 08:30:00;BPE-C1-PLA;1,6145;1,6157;1,6029;t=37 °C pH=7,5;37;7,5
11;2021-07-27 08:30:00;BPE-SP-PBS;1,5211;1,5255;1,5275;t=37 °C pH=7,5;37;7,5
11;2021-07-27 08:30:00;BPE-C1-PLA;1,6150;1,6160;1,6034;t=37 °C pH=7,5;37;7,5
11;2021-07-28 08:30:00;BPE-SP-PBS;1,5208;1,5254;1,5273;t=37 °C pH=7,5;37;7,5
11;2021-07-28 08:30:00;BPE-C1-PLA;1,6151;1,6162;1,6036;t=37 °C pH=7,5;37;7,5
11;2021-07-29 08:30:00;BPE-SP-PBS;1,5206;1,5253;1,5271;t=37 °C pH=7,5;37;7,5
11;2021-07-29 08:30:00;BPE-C1-PLA;1,6154;1,6166;1,6038;t=37 °C pH=7,5;37;7,5
11;2021-07-30 08:30:00;BPE-C1-PLA;1,6156;1,6169;1,6038;t=37 °C pH=7,5;37;7,5
11;2021-08-02 08:30:00;BPE-C1-PLA;1,6158;1,6172;1,6044;t=37 °C pH=7,5;37;7,5
11;2021-08-04 08:30:00;BPE-C1-PLA;1,6162;1,6174;1,6046;t=37 °C pH=7,5;37;7,5
11;2021-08-06 08:30:00;BPE-C1-PLA;1,6163;1,6176;1,6048;t=37 °C pH=7,5;37;7,5
12;2021-07-20 08:30:00;BPE-C1-PLA;1,5974;1,6013;1,5988;t=37 °C pH=12;37;12
12;2021-07-20 09:00:00;BPE-C1-PLA;1,5982;1,6024;1,6014;t=37 °C pH=12;37;12
12;2021-07-20 09:30:00;BPE-C1-PLA;1,5988;1,6027;1,6020;t=37 °C pH=12;37;12
12;2021-07-20 10:30:00;BPE-C1-PLA;1,5996;1,6035;1,6025;t=37 °C pH=12;37;12
12;2021-07-20 11:30:00;BPE-C1-PLA;1,6003;1,6045;1,6032;t=37 °C pH=12;37;12
12;2021-07-20 12:30:00;BPE-C1-PLA;1,6008;1,6047;1,6035;t=37 °C pH=12;37;12
12;2021-07-20 14:30:00;BPE-C1-PLA;1,6018;1,6060;1,6044;t=37 °C pH=12;37;12
12;2021-07-20 16:30:00;BPE-C1-PLA;1,6025;1,6068;1,6048;t=37 °C pH=12;37;12
12;2021-07-21 08:30:00;BPE-C1-PLA;1,6058;1,6102;1,6076;t=37 °C pH=12;37;12
12;2021-07-21 12:30:00;BPE-C1-PLA;1,6065;1,6105;1,6081;t=37 °C pH=12;37;12
12;2021-07-21 16:30:00;BPE-C1-PLA;1,6065;1,6108;1,6082;t=37 °C pH=12;37;12
12;2021-07-22 08:30:00;BPE-C1-PLA;1,6071;1,6114;1,6087;t=37 °C pH=12;37;12
12;2021-07-22 12:30:00;BPE-C1-PLA;1,6073;1,6115;1,6088;t=37 °C pH=12;37;12
12;2021-07-22 16:30:00;BPE-C1-PLA;1,6073;1,6116;1,6088;t=37 °C pH=12;37;12
12;2021-07-23 08:30:00;BPE-C1-PLA;1,6073;1,6116;1,6091;t=37 °C pH=12;37;12
12;2021-07-23 16:30:00;BPE-C1-PLA;1,6071;1,6112;1,6089;t=37 °C pH=12;37;12
12;2021-07-26 08:30:00;BPE-C1-PLA;1,6050;1,6089;1,6040;t=37 °C pH=12;37;12
12;2021-07-27 08:30:00;BPE-C1-PLA;1,6024;1,6054;1,6019;t=37 °C pH=12;37;12
12;2021-07-28 08:30:00;BPE-C1-PLA;1,5994;1,6028;1,5996;t=37 °C pH=12;37;12
12;2021-07-29 08:30:00;BPE-C1-PLA;1,5976;1,6026;1,5971;t=37 °C pH=12;37;12
12;2021-07-30 08:30:00;BPE-C1-PLA;1,5960;1,5932;1,5931;t=37 °C pH=12;37;12
12;2021-08-02 08:30:00;BPE-C1-PLA;1,5826;1,5848;1,5815;t=37 °C pH=12;37;12
12;2021-08-04 08:30:00;BPE-C1-PLA;1,5768;1,5772;1,5751;t=37 °C pH=12;37;12
12;2021-08-05 08:30:00;BPE-C1-PLA;1,5669;1,5760;1,5701;t=37 °C pH=12;37;12
12;2021-08-06 08:30:00;BPE-C1-PLA;1,5668;1,5721;1,5652;t=37 °C pH=12;37;12
13;2021-08-24 08:30:00;BPE-C2-PLA;3,8082;3,8309;3,7946;t=37 °C pH=12;37;12
13;2021-08-24 09:00:00;BPE-C2-PLA;3,8098;3,8329;3,7963;t=37 °C pH=12;37;12
13;2021-08-24 09:30:00;BPE-C2-PLA;3,8107;3,8333;3,7970;t=37 °C pH=12;37;12
13;2021-08-24 10:30:00;BPE-C2-PLA;3,8123;3,8339;3,7981;t=37 °C pH=12;37;12
13;2021-08-24 11:30:00;BPE-C2-PLA;3,8131;3,8351;3,7991;t=37 °C pH=12;37;12
13;2021-08-24 12:30:00;BPE-C2-PLA;3,8151;3,8358;3,7999;t=37 °C pH=12;37;12
13;2021-08-24 14:30:00;BPE-C2-PLA;3,8153;3,8370;3,8009;t=37 °C pH=12;37;12
13;2021-08-24 16:30:00;BPE-C2-PLA;3,8159;3,8381;3,8020;t=37 °C pH=12;37;12
13;2021-08-25 08:30:00;BPE-C2-PLA;3,8208;3,8441;3,8075;t=37 °C pH=12;37;12
13;2021-08-25 12:30:00;BPE-C2-PLA;3,8217;3,8441;3,8081;t=37 °C pH=12;37;12
13;2021-08-25 16:30:00;BPE-C2-PLA;3,8224;3,8448;3,8090;t=37 °C pH=12;37;12
13;2021-08-26 08:30:00;BPE-C2-PLA;3,8248;3,8473;3,8112;t=37 °C pH=12;37;12
13;2021-08-26 12:30:00;BPE-C2-PLA;3,8254;3,8476;3,8113;t=37 °C pH=12;37;12
13;2021-08-26 16:30:00;BPE-C2-PLA;3,8256;3,8477;3,8119;t=37 °C pH=12;37;12
13;2021-08-27 08:30:00;BPE-C2-PLA;3,8273;3,8491;3,8134;t=37 °C pH=12;37;12
13;2021-08-27 16:30:00;BPE-C2-PLA;3,8273;3,8493;3,8134;t=37 °C pH=12;37;12
13;2021-08-30 08:30:00;BPE-C2-PLA;3,8236;3,8462;3,8098;t=37 °C pH=12;37;12
13;2021-08-31 08:30:00;BPE-C2-PLA;3,8219;3,8439;3,8068;t=37 °C pH=12;37;12
13;2021-09-01 08:30:00;BPE-C2-PLA;3,8214;3,8426;3,8057;t=37 °C pH=12;37;12
13;2021-09-02 08:30:00;BPE-C2-PLA;3,8194;3,8404;3,8042;t=37 °C pH=12;37;12
13;2021-09-03 08:30:00;BPE-C2-PLA;3,8178;3,8366;3,8007;t=37 °C pH=12;37;12
13;2021-09-06 08:30:00;BPE-C2-PLA;3,7943;3,8244;3,7867;t=37 °C pH=12;37;12
13;2021-09-08 08:30:00;BPE-C2-PLA;3,7768;3,8079;3,7690;t=37 °C pH=12;37;12
13;2021-09-10 08:30:00;BPE-C2-PLA;3,7821;3,7898;3,7593;t=37 °C pH=12;37;12
kk
